solid rangoli_hopper_shell_v1
  facet normal 0.99785892 0.06540313 0
    outer loop
      vertex 8 0 0
      vertex 7.93155889 1.04420954 0
      vertex 7.93155889 1.04420954 15
    endloop
  endfacet
  facet normal 0.99785892 0.06540313 0
    outer loop
      vertex 8 0 0
      vertex 7.93155889 1.04420954 15
      vertex 8 0 15
    endloop
  endfacet
  facet normal 0.98078528 0.19509032 0
    outer loop
      vertex 7.93155889 1.04420954 0
      vertex 7.72740661 2.07055236 0
      vertex 7.72740661 2.07055236 15
    endloop
  endfacet
  facet normal 0.98078528 0.19509032 0
    outer loop
      vertex 7.93155889 1.04420954 0
      vertex 7.72740661 2.07055236 15
      vertex 7.93155889 1.04420954 15
    endloop
  endfacet
  facet normal 0.94693013 0.32143947 0
    outer loop
      vertex 7.72740661 2.07055236 0
      vertex 7.39103626 3.06146746 0
      vertex 7.39103626 3.06146746 15
    endloop
  endfacet
  facet normal 0.94693013 0.32143947 0
    outer loop
      vertex 7.72740661 2.07055236 0
      vertex 7.39103626 3.06146746 15
      vertex 7.72740661 2.07055236 15
    endloop
  endfacet
  facet normal 0.89687274 0.44228869 0
    outer loop
      vertex 7.39103626 3.06146746 0
      vertex 6.92820323 4 0
      vertex 6.92820323 4 15
    endloop
  endfacet
  facet normal 0.89687274 0.44228869 0
    outer loop
      vertex 7.39103626 3.06146746 0
      vertex 6.92820323 4 15
      vertex 7.39103626 3.06146746 15
    endloop
  endfacet
  facet normal 0.83146961 0.55557023 0
    outer loop
      vertex 6.92820323 4 0
      vertex 6.34682672 4.87009143 0
      vertex 6.34682672 4.87009143 15
    endloop
  endfacet
  facet normal 0.83146961 0.55557023 0
    outer loop
      vertex 6.92820323 4 0
      vertex 6.34682672 4.87009143 15
      vertex 6.92820323 4 15
    endloop
  endfacet
  facet normal 0.75183981 0.65934582 0
    outer loop
      vertex 6.34682672 4.87009143 0
      vertex 5.65685425 5.65685425 0
      vertex 5.65685425 5.65685425 15
    endloop
  endfacet
  facet normal 0.75183981 0.65934582 0
    outer loop
      vertex 6.34682672 4.87009143 0
      vertex 5.65685425 5.65685425 15
      vertex 6.34682672 4.87009143 15
    endloop
  endfacet
  facet normal 0.65934582 0.75183981 0
    outer loop
      vertex 5.65685425 5.65685425 0
      vertex 4.87009143 6.34682672 0
      vertex 4.87009143 6.34682672 15
    endloop
  endfacet
  facet normal 0.65934582 0.75183981 0
    outer loop
      vertex 5.65685425 5.65685425 0
      vertex 4.87009143 6.34682672 15
      vertex 5.65685425 5.65685425 15
    endloop
  endfacet
  facet normal 0.55557023 0.83146961 0
    outer loop
      vertex 4.87009143 6.34682672 0
      vertex 4 6.92820323 0
      vertex 4 6.92820323 15
    endloop
  endfacet
  facet normal 0.55557023 0.83146961 0
    outer loop
      vertex 4.87009143 6.34682672 0
      vertex 4 6.92820323 15
      vertex 4.87009143 6.34682672 15
    endloop
  endfacet
  facet normal 0.44228869 0.89687274 0
    outer loop
      vertex 4 6.92820323 0
      vertex 3.06146746 7.39103626 0
      vertex 3.06146746 7.39103626 15
    endloop
  endfacet
  facet normal 0.44228869 0.89687274 0
    outer loop
      vertex 4 6.92820323 0
      vertex 3.06146746 7.39103626 15
      vertex 4 6.92820323 15
    endloop
  endfacet
  facet normal 0.32143947 0.94693013 0
    outer loop
      vertex 3.06146746 7.39103626 0
      vertex 2.07055236 7.72740661 0
      vertex 2.07055236 7.72740661 15
    endloop
  endfacet
  facet normal 0.32143947 0.94693013 0
    outer loop
      vertex 3.06146746 7.39103626 0
      vertex 2.07055236 7.72740661 15
      vertex 3.06146746 7.39103626 15
    endloop
  endfacet
  facet normal 0.19509032 0.98078528 0
    outer loop
      vertex 2.07055236 7.72740661 0
      vertex 1.04420954 7.93155889 0
      vertex 1.04420954 7.93155889 15
    endloop
  endfacet
  facet normal 0.19509032 0.98078528 0
    outer loop
      vertex 2.07055236 7.72740661 0
      vertex 1.04420954 7.93155889 15
      vertex 2.07055236 7.72740661 15
    endloop
  endfacet
  facet normal 0.06540313 0.99785892 0
    outer loop
      vertex 1.04420954 7.93155889 0
      vertex 0 8 0
      vertex 0 8 15
    endloop
  endfacet
  facet normal 0.06540313 0.99785892 0
    outer loop
      vertex 1.04420954 7.93155889 0
      vertex 0 8 15
      vertex 1.04420954 7.93155889 15
    endloop
  endfacet
  facet normal -0.06540313 0.99785892 0
    outer loop
      vertex 0 8 0
      vertex -1.04420954 7.93155889 0
      vertex -1.04420954 7.93155889 15
    endloop
  endfacet
  facet normal -0.06540313 0.99785892 0
    outer loop
      vertex 0 8 0
      vertex -1.04420954 7.93155889 15
      vertex 0 8 15
    endloop
  endfacet
  facet normal -0.19509032 0.98078528 0
    outer loop
      vertex -1.04420954 7.93155889 0
      vertex -2.07055236 7.72740661 0
      vertex -2.07055236 7.72740661 15
    endloop
  endfacet
  facet normal -0.19509032 0.98078528 0
    outer loop
      vertex -1.04420954 7.93155889 0
      vertex -2.07055236 7.72740661 15
      vertex -1.04420954 7.93155889 15
    endloop
  endfacet
  facet normal -0.32143947 0.94693013 0
    outer loop
      vertex -2.07055236 7.72740661 0
      vertex -3.06146746 7.39103626 0
      vertex -3.06146746 7.39103626 15
    endloop
  endfacet
  facet normal -0.32143947 0.94693013 0
    outer loop
      vertex -2.07055236 7.72740661 0
      vertex -3.06146746 7.39103626 15
      vertex -2.07055236 7.72740661 15
    endloop
  endfacet
  facet normal -0.44228869 0.89687274 0
    outer loop
      vertex -3.06146746 7.39103626 0
      vertex -4 6.92820323 0
      vertex -4 6.92820323 15
    endloop
  endfacet
  facet normal -0.44228869 0.89687274 0
    outer loop
      vertex -3.06146746 7.39103626 0
      vertex -4 6.92820323 15
      vertex -3.06146746 7.39103626 15
    endloop
  endfacet
  facet normal -0.55557023 0.83146961 0
    outer loop
      vertex -4 6.92820323 0
      vertex -4.87009143 6.34682672 0
      vertex -4.87009143 6.34682672 15
    endloop
  endfacet
  facet normal -0.55557023 0.83146961 0
    outer loop
      vertex -4 6.92820323 0
      vertex -4.87009143 6.34682672 15
      vertex -4 6.92820323 15
    endloop
  endfacet
  facet normal -0.65934582 0.75183981 0
    outer loop
      vertex -4.87009143 6.34682672 0
      vertex -5.65685425 5.65685425 0
      vertex -5.65685425 5.65685425 15
    endloop
  endfacet
  facet normal -0.65934582 0.75183981 0
    outer loop
      vertex -4.87009143 6.34682672 0
      vertex -5.65685425 5.65685425 15
      vertex -4.87009143 6.34682672 15
    endloop
  endfacet
  facet normal -0.75183981 0.65934582 0
    outer loop
      vertex -5.65685425 5.65685425 0
      vertex -6.34682672 4.87009143 0
      vertex -6.34682672 4.87009143 15
    endloop
  endfacet
  facet normal -0.75183981 0.65934582 0
    outer loop
      vertex -5.65685425 5.65685425 0
      vertex -6.34682672 4.87009143 15
      vertex -5.65685425 5.65685425 15
    endloop
  endfacet
  facet normal -0.83146961 0.55557023 0
    outer loop
      vertex -6.34682672 4.87009143 0
      vertex -6.92820323 4 0
      vertex -6.92820323 4 15
    endloop
  endfacet
  facet normal -0.83146961 0.55557023 0
    outer loop
      vertex -6.34682672 4.87009143 0
      vertex -6.92820323 4 15
      vertex -6.34682672 4.87009143 15
    endloop
  endfacet
  facet normal -0.89687274 0.44228869 0
    outer loop
      vertex -6.92820323 4 0
      vertex -7.39103626 3.06146746 0
      vertex -7.39103626 3.06146746 15
    endloop
  endfacet
  facet normal -0.89687274 0.44228869 0
    outer loop
      vertex -6.92820323 4 0
      vertex -7.39103626 3.06146746 15
      vertex -6.92820323 4 15
    endloop
  endfacet
  facet normal -0.94693013 0.32143947 0
    outer loop
      vertex -7.39103626 3.06146746 0
      vertex -7.72740661 2.07055236 0
      vertex -7.72740661 2.07055236 15
    endloop
  endfacet
  facet normal -0.94693013 0.32143947 0
    outer loop
      vertex -7.39103626 3.06146746 0
      vertex -7.72740661 2.07055236 15
      vertex -7.39103626 3.06146746 15
    endloop
  endfacet
  facet normal -0.98078528 0.19509032 0
    outer loop
      vertex -7.72740661 2.07055236 0
      vertex -7.93155889 1.04420954 0
      vertex -7.93155889 1.04420954 15
    endloop
  endfacet
  facet normal -0.98078528 0.19509032 0
    outer loop
      vertex -7.72740661 2.07055236 0
      vertex -7.93155889 1.04420954 15
      vertex -7.72740661 2.07055236 15
    endloop
  endfacet
  facet normal -0.99785892 0.06540313 0
    outer loop
      vertex -7.93155889 1.04420954 0
      vertex -8 0 0
      vertex -8 0 15
    endloop
  endfacet
  facet normal -0.99785892 0.06540313 0
    outer loop
      vertex -7.93155889 1.04420954 0
      vertex -8 0 15
      vertex -7.93155889 1.04420954 15
    endloop
  endfacet
  facet normal -0.99785892 -0.06540313 0
    outer loop
      vertex -8 0 0
      vertex -7.93155889 -1.04420954 0
      vertex -7.93155889 -1.04420954 15
    endloop
  endfacet
  facet normal -0.99785892 -0.06540313 0
    outer loop
      vertex -8 0 0
      vertex -7.93155889 -1.04420954 15
      vertex -8 0 15
    endloop
  endfacet
  facet normal -0.98078528 -0.19509032 0
    outer loop
      vertex -7.93155889 -1.04420954 0
      vertex -7.72740661 -2.07055236 0
      vertex -7.72740661 -2.07055236 15
    endloop
  endfacet
  facet normal -0.98078528 -0.19509032 0
    outer loop
      vertex -7.93155889 -1.04420954 0
      vertex -7.72740661 -2.07055236 15
      vertex -7.93155889 -1.04420954 15
    endloop
  endfacet
  facet normal -0.94693013 -0.32143947 0
    outer loop
      vertex -7.72740661 -2.07055236 0
      vertex -7.39103626 -3.06146746 0
      vertex -7.39103626 -3.06146746 15
    endloop
  endfacet
  facet normal -0.94693013 -0.32143947 0
    outer loop
      vertex -7.72740661 -2.07055236 0
      vertex -7.39103626 -3.06146746 15
      vertex -7.72740661 -2.07055236 15
    endloop
  endfacet
  facet normal -0.89687274 -0.44228869 0
    outer loop
      vertex -7.39103626 -3.06146746 0
      vertex -6.92820323 -4 0
      vertex -6.92820323 -4 15
    endloop
  endfacet
  facet normal -0.89687274 -0.44228869 0
    outer loop
      vertex -7.39103626 -3.06146746 0
      vertex -6.92820323 -4 15
      vertex -7.39103626 -3.06146746 15
    endloop
  endfacet
  facet normal -0.83146961 -0.55557023 0
    outer loop
      vertex -6.92820323 -4 0
      vertex -6.34682672 -4.87009143 0
      vertex -6.34682672 -4.87009143 15
    endloop
  endfacet
  facet normal -0.83146961 -0.55557023 0
    outer loop
      vertex -6.92820323 -4 0
      vertex -6.34682672 -4.87009143 15
      vertex -6.92820323 -4 15
    endloop
  endfacet
  facet normal -0.75183981 -0.65934582 0
    outer loop
      vertex -6.34682672 -4.87009143 0
      vertex -5.65685425 -5.65685425 0
      vertex -5.65685425 -5.65685425 15
    endloop
  endfacet
  facet normal -0.75183981 -0.65934582 0
    outer loop
      vertex -6.34682672 -4.87009143 0
      vertex -5.65685425 -5.65685425 15
      vertex -6.34682672 -4.87009143 15
    endloop
  endfacet
  facet normal -0.65934582 -0.75183981 0
    outer loop
      vertex -5.65685425 -5.65685425 0
      vertex -4.87009143 -6.34682672 0
      vertex -4.87009143 -6.34682672 15
    endloop
  endfacet
  facet normal -0.65934582 -0.75183981 0
    outer loop
      vertex -5.65685425 -5.65685425 0
      vertex -4.87009143 -6.34682672 15
      vertex -5.65685425 -5.65685425 15
    endloop
  endfacet
  facet normal -0.55557023 -0.83146961 0
    outer loop
      vertex -4.87009143 -6.34682672 0
      vertex -4 -6.92820323 0
      vertex -4 -6.92820323 15
    endloop
  endfacet
  facet normal -0.55557023 -0.83146961 0
    outer loop
      vertex -4.87009143 -6.34682672 0
      vertex -4 -6.92820323 15
      vertex -4.87009143 -6.34682672 15
    endloop
  endfacet
  facet normal -0.44228869 -0.89687274 0
    outer loop
      vertex -4 -6.92820323 0
      vertex -3.06146746 -7.39103626 0
      vertex -3.06146746 -7.39103626 15
    endloop
  endfacet
  facet normal -0.44228869 -0.89687274 0
    outer loop
      vertex -4 -6.92820323 0
      vertex -3.06146746 -7.39103626 15
      vertex -4 -6.92820323 15
    endloop
  endfacet
  facet normal -0.32143947 -0.94693013 0
    outer loop
      vertex -3.06146746 -7.39103626 0
      vertex -2.07055236 -7.72740661 0
      vertex -2.07055236 -7.72740661 15
    endloop
  endfacet
  facet normal -0.32143947 -0.94693013 0
    outer loop
      vertex -3.06146746 -7.39103626 0
      vertex -2.07055236 -7.72740661 15
      vertex -3.06146746 -7.39103626 15
    endloop
  endfacet
  facet normal -0.19509032 -0.98078528 0
    outer loop
      vertex -2.07055236 -7.72740661 0
      vertex -1.04420954 -7.93155889 0
      vertex -1.04420954 -7.93155889 15
    endloop
  endfacet
  facet normal -0.19509032 -0.98078528 0
    outer loop
      vertex -2.07055236 -7.72740661 0
      vertex -1.04420954 -7.93155889 15
      vertex -2.07055236 -7.72740661 15
    endloop
  endfacet
  facet normal -0.06540313 -0.99785892 0
    outer loop
      vertex -1.04420954 -7.93155889 0
      vertex 0 -8 0
      vertex 0 -8 15
    endloop
  endfacet
  facet normal -0.06540313 -0.99785892 0
    outer loop
      vertex -1.04420954 -7.93155889 0
      vertex 0 -8 15
      vertex -1.04420954 -7.93155889 15
    endloop
  endfacet
  facet normal 0.06540313 -0.99785892 0
    outer loop
      vertex 0 -8 0
      vertex 1.04420954 -7.93155889 0
      vertex 1.04420954 -7.93155889 15
    endloop
  endfacet
  facet normal 0.06540313 -0.99785892 0
    outer loop
      vertex 0 -8 0
      vertex 1.04420954 -7.93155889 15
      vertex 0 -8 15
    endloop
  endfacet
  facet normal 0.19509032 -0.98078528 0
    outer loop
      vertex 1.04420954 -7.93155889 0
      vertex 2.07055236 -7.72740661 0
      vertex 2.07055236 -7.72740661 15
    endloop
  endfacet
  facet normal 0.19509032 -0.98078528 0
    outer loop
      vertex 1.04420954 -7.93155889 0
      vertex 2.07055236 -7.72740661 15
      vertex 1.04420954 -7.93155889 15
    endloop
  endfacet
  facet normal 0.32143947 -0.94693013 0
    outer loop
      vertex 2.07055236 -7.72740661 0
      vertex 3.06146746 -7.39103626 0
      vertex 3.06146746 -7.39103626 15
    endloop
  endfacet
  facet normal 0.32143947 -0.94693013 0
    outer loop
      vertex 2.07055236 -7.72740661 0
      vertex 3.06146746 -7.39103626 15
      vertex 2.07055236 -7.72740661 15
    endloop
  endfacet
  facet normal 0.44228869 -0.89687274 0
    outer loop
      vertex 3.06146746 -7.39103626 0
      vertex 4 -6.92820323 0
      vertex 4 -6.92820323 15
    endloop
  endfacet
  facet normal 0.44228869 -0.89687274 0
    outer loop
      vertex 3.06146746 -7.39103626 0
      vertex 4 -6.92820323 15
      vertex 3.06146746 -7.39103626 15
    endloop
  endfacet
  facet normal 0.55557023 -0.83146961 0
    outer loop
      vertex 4 -6.92820323 0
      vertex 4.87009143 -6.34682672 0
      vertex 4.87009143 -6.34682672 15
    endloop
  endfacet
  facet normal 0.55557023 -0.83146961 0
    outer loop
      vertex 4 -6.92820323 0
      vertex 4.87009143 -6.34682672 15
      vertex 4 -6.92820323 15
    endloop
  endfacet
  facet normal 0.65934582 -0.75183981 0
    outer loop
      vertex 4.87009143 -6.34682672 0
      vertex 5.65685425 -5.65685425 0
      vertex 5.65685425 -5.65685425 15
    endloop
  endfacet
  facet normal 0.65934582 -0.75183981 0
    outer loop
      vertex 4.87009143 -6.34682672 0
      vertex 5.65685425 -5.65685425 15
      vertex 4.87009143 -6.34682672 15
    endloop
  endfacet
  facet normal 0.75183981 -0.65934582 0
    outer loop
      vertex 5.65685425 -5.65685425 0
      vertex 6.34682672 -4.87009143 0
      vertex 6.34682672 -4.87009143 15
    endloop
  endfacet
  facet normal 0.75183981 -0.65934582 0
    outer loop
      vertex 5.65685425 -5.65685425 0
      vertex 6.34682672 -4.87009143 15
      vertex 5.65685425 -5.65685425 15
    endloop
  endfacet
  facet normal 0.83146961 -0.55557023 0
    outer loop
      vertex 6.34682672 -4.87009143 0
      vertex 6.92820323 -4 0
      vertex 6.92820323 -4 15
    endloop
  endfacet
  facet normal 0.83146961 -0.55557023 0
    outer loop
      vertex 6.34682672 -4.87009143 0
      vertex 6.92820323 -4 15
      vertex 6.34682672 -4.87009143 15
    endloop
  endfacet
  facet normal 0.89687274 -0.44228869 0
    outer loop
      vertex 6.92820323 -4 0
      vertex 7.39103626 -3.06146746 0
      vertex 7.39103626 -3.06146746 15
    endloop
  endfacet
  facet normal 0.89687274 -0.44228869 0
    outer loop
      vertex 6.92820323 -4 0
      vertex 7.39103626 -3.06146746 15
      vertex 6.92820323 -4 15
    endloop
  endfacet
  facet normal 0.94693013 -0.32143947 0
    outer loop
      vertex 7.39103626 -3.06146746 0
      vertex 7.72740661 -2.07055236 0
      vertex 7.72740661 -2.07055236 15
    endloop
  endfacet
  facet normal 0.94693013 -0.32143947 0
    outer loop
      vertex 7.39103626 -3.06146746 0
      vertex 7.72740661 -2.07055236 15
      vertex 7.39103626 -3.06146746 15
    endloop
  endfacet
  facet normal 0.98078528 -0.19509032 0
    outer loop
      vertex 7.72740661 -2.07055236 0
      vertex 7.93155889 -1.04420954 0
      vertex 7.93155889 -1.04420954 15
    endloop
  endfacet
  facet normal 0.98078528 -0.19509032 0
    outer loop
      vertex 7.72740661 -2.07055236 0
      vertex 7.93155889 -1.04420954 15
      vertex 7.72740661 -2.07055236 15
    endloop
  endfacet
  facet normal 0.99785892 -0.06540313 0
    outer loop
      vertex 7.93155889 -1.04420954 0
      vertex 8 0 0
      vertex 8 0 15
    endloop
  endfacet
  facet normal 0.99785892 -0.06540313 0
    outer loop
      vertex 7.93155889 -1.04420954 0
      vertex 8 0 15
      vertex 7.93155889 -1.04420954 15
    endloop
  endfacet
  facet normal 0.77984808 0.05111394 -0.62387846
    outer loop
      vertex 8 0 15
      vertex 7.93155889 1.04420954 15
      vertex 39.65779445 5.22104769 55
    endloop
  endfacet
  facet normal 0.77984808 0.05111394 -0.62387846
    outer loop
      vertex 8 0 15
      vertex 39.65779445 5.22104769 55
      vertex 40 0 55
    endloop
  endfacet
  facet normal 0.76650466 0.15246726 -0.62387846
    outer loop
      vertex 7.93155889 1.04420954 15
      vertex 7.72740661 2.07055236 15
      vertex 38.63703305 10.3527618 55
    endloop
  endfacet
  facet normal 0.76650466 0.15246726 -0.62387846
    outer loop
      vertex 7.93155889 1.04420954 15
      vertex 38.63703305 10.3527618 55
      vertex 39.65779445 5.22104769 55
    endloop
  endfacet
  facet normal 0.74004614 0.25121181 -0.62387846
    outer loop
      vertex 7.72740661 2.07055236 15
      vertex 7.39103626 3.06146746 15
      vertex 36.9551813 15.30733729 55
    endloop
  endfacet
  facet normal 0.74004614 0.25121181 -0.62387846
    outer loop
      vertex 7.72740661 2.07055236 15
      vertex 36.9551813 15.30733729 55
      vertex 38.63703305 10.3527618 55
    endloop
  endfacet
  facet normal 0.70092522 0.34565807 -0.62387846
    outer loop
      vertex 7.39103626 3.06146746 15
      vertex 6.92820323 4 15
      vertex 34.64101615 20 55
    endloop
  endfacet
  facet normal 0.70092522 0.34565807 -0.62387846
    outer loop
      vertex 7.39103626 3.06146746 15
      vertex 34.64101615 20 55
      vertex 36.9551813 15.30733729 55
    endloop
  endfacet
  facet normal 0.64981128 0.43419001 -0.62387846
    outer loop
      vertex 6.92820323 4 15
      vertex 6.34682672 4.87009143 15
      vertex 31.73413361 24.35045716 55
    endloop
  endfacet
  facet normal 0.64981128 0.43419001 -0.62387846
    outer loop
      vertex 6.92820323 4 15
      vertex 31.73413361 24.35045716 55
      vertex 34.64101615 20 55
    endloop
  endfacet
  facet normal 0.58757888 0.51529285 -0.62387846
    outer loop
      vertex 6.34682672 4.87009143 15
      vertex 5.65685425 5.65685425 15
      vertex 28.28427125 28.28427125 55
    endloop
  endfacet
  facet normal 0.58757888 0.51529285 -0.62387846
    outer loop
      vertex 6.34682672 4.87009143 15
      vertex 28.28427125 28.28427125 55
      vertex 31.73413361 24.35045716 55
    endloop
  endfacet
  facet normal 0.51529285 0.58757888 -0.62387846
    outer loop
      vertex 5.65685425 5.65685425 15
      vertex 4.87009143 6.34682672 15
      vertex 24.35045716 31.73413361 55
    endloop
  endfacet
  facet normal 0.51529285 0.58757888 -0.62387846
    outer loop
      vertex 5.65685425 5.65685425 15
      vertex 24.35045716 31.73413361 55
      vertex 28.28427125 28.28427125 55
    endloop
  endfacet
  facet normal 0.43419001 0.64981128 -0.62387846
    outer loop
      vertex 4.87009143 6.34682672 15
      vertex 4 6.92820323 15
      vertex 20 34.64101615 55
    endloop
  endfacet
  facet normal 0.43419001 0.64981128 -0.62387846
    outer loop
      vertex 4.87009143 6.34682672 15
      vertex 20 34.64101615 55
      vertex 24.35045716 31.73413361 55
    endloop
  endfacet
  facet normal 0.34565807 0.70092522 -0.62387846
    outer loop
      vertex 4 6.92820323 15
      vertex 3.06146746 7.39103626 15
      vertex 15.30733729 36.9551813 55
    endloop
  endfacet
  facet normal 0.34565807 0.70092522 -0.62387846
    outer loop
      vertex 4 6.92820323 15
      vertex 15.30733729 36.9551813 55
      vertex 20 34.64101615 55
    endloop
  endfacet
  facet normal 0.25121181 0.74004614 -0.62387846
    outer loop
      vertex 3.06146746 7.39103626 15
      vertex 2.07055236 7.72740661 15
      vertex 10.3527618 38.63703305 55
    endloop
  endfacet
  facet normal 0.25121181 0.74004614 -0.62387846
    outer loop
      vertex 3.06146746 7.39103626 15
      vertex 10.3527618 38.63703305 55
      vertex 15.30733729 36.9551813 55
    endloop
  endfacet
  facet normal 0.15246726 0.76650466 -0.62387846
    outer loop
      vertex 2.07055236 7.72740661 15
      vertex 1.04420954 7.93155889 15
      vertex 5.22104769 39.65779445 55
    endloop
  endfacet
  facet normal 0.15246726 0.76650466 -0.62387846
    outer loop
      vertex 2.07055236 7.72740661 15
      vertex 5.22104769 39.65779445 55
      vertex 10.3527618 38.63703305 55
    endloop
  endfacet
  facet normal 0.05111394 0.77984808 -0.62387846
    outer loop
      vertex 1.04420954 7.93155889 15
      vertex 0 8 15
      vertex 0 40 55
    endloop
  endfacet
  facet normal 0.05111394 0.77984808 -0.62387846
    outer loop
      vertex 1.04420954 7.93155889 15
      vertex 0 40 55
      vertex 5.22104769 39.65779445 55
    endloop
  endfacet
  facet normal -0.05111394 0.77984808 -0.62387846
    outer loop
      vertex 0 8 15
      vertex -1.04420954 7.93155889 15
      vertex -5.22104769 39.65779445 55
    endloop
  endfacet
  facet normal -0.05111394 0.77984808 -0.62387846
    outer loop
      vertex 0 8 15
      vertex -5.22104769 39.65779445 55
      vertex 0 40 55
    endloop
  endfacet
  facet normal -0.15246726 0.76650466 -0.62387846
    outer loop
      vertex -1.04420954 7.93155889 15
      vertex -2.07055236 7.72740661 15
      vertex -10.3527618 38.63703305 55
    endloop
  endfacet
  facet normal -0.15246726 0.76650466 -0.62387846
    outer loop
      vertex -1.04420954 7.93155889 15
      vertex -10.3527618 38.63703305 55
      vertex -5.22104769 39.65779445 55
    endloop
  endfacet
  facet normal -0.25121181 0.74004614 -0.62387846
    outer loop
      vertex -2.07055236 7.72740661 15
      vertex -3.06146746 7.39103626 15
      vertex -15.30733729 36.9551813 55
    endloop
  endfacet
  facet normal -0.25121181 0.74004614 -0.62387846
    outer loop
      vertex -2.07055236 7.72740661 15
      vertex -15.30733729 36.9551813 55
      vertex -10.3527618 38.63703305 55
    endloop
  endfacet
  facet normal -0.34565807 0.70092522 -0.62387846
    outer loop
      vertex -3.06146746 7.39103626 15
      vertex -4 6.92820323 15
      vertex -20 34.64101615 55
    endloop
  endfacet
  facet normal -0.34565807 0.70092522 -0.62387846
    outer loop
      vertex -3.06146746 7.39103626 15
      vertex -20 34.64101615 55
      vertex -15.30733729 36.9551813 55
    endloop
  endfacet
  facet normal -0.43419001 0.64981128 -0.62387846
    outer loop
      vertex -4 6.92820323 15
      vertex -4.87009143 6.34682672 15
      vertex -24.35045716 31.73413361 55
    endloop
  endfacet
  facet normal -0.43419001 0.64981128 -0.62387846
    outer loop
      vertex -4 6.92820323 15
      vertex -24.35045716 31.73413361 55
      vertex -20 34.64101615 55
    endloop
  endfacet
  facet normal -0.51529285 0.58757888 -0.62387846
    outer loop
      vertex -4.87009143 6.34682672 15
      vertex -5.65685425 5.65685425 15
      vertex -28.28427125 28.28427125 55
    endloop
  endfacet
  facet normal -0.51529285 0.58757888 -0.62387846
    outer loop
      vertex -4.87009143 6.34682672 15
      vertex -28.28427125 28.28427125 55
      vertex -24.35045716 31.73413361 55
    endloop
  endfacet
  facet normal -0.58757888 0.51529285 -0.62387846
    outer loop
      vertex -5.65685425 5.65685425 15
      vertex -6.34682672 4.87009143 15
      vertex -31.73413361 24.35045716 55
    endloop
  endfacet
  facet normal -0.58757888 0.51529285 -0.62387846
    outer loop
      vertex -5.65685425 5.65685425 15
      vertex -31.73413361 24.35045716 55
      vertex -28.28427125 28.28427125 55
    endloop
  endfacet
  facet normal -0.64981128 0.43419001 -0.62387846
    outer loop
      vertex -6.34682672 4.87009143 15
      vertex -6.92820323 4 15
      vertex -34.64101615 20 55
    endloop
  endfacet
  facet normal -0.64981128 0.43419001 -0.62387846
    outer loop
      vertex -6.34682672 4.87009143 15
      vertex -34.64101615 20 55
      vertex -31.73413361 24.35045716 55
    endloop
  endfacet
  facet normal -0.70092522 0.34565807 -0.62387846
    outer loop
      vertex -6.92820323 4 15
      vertex -7.39103626 3.06146746 15
      vertex -36.9551813 15.30733729 55
    endloop
  endfacet
  facet normal -0.70092522 0.34565807 -0.62387846
    outer loop
      vertex -6.92820323 4 15
      vertex -36.9551813 15.30733729 55
      vertex -34.64101615 20 55
    endloop
  endfacet
  facet normal -0.74004614 0.25121181 -0.62387846
    outer loop
      vertex -7.39103626 3.06146746 15
      vertex -7.72740661 2.07055236 15
      vertex -38.63703305 10.3527618 55
    endloop
  endfacet
  facet normal -0.74004614 0.25121181 -0.62387846
    outer loop
      vertex -7.39103626 3.06146746 15
      vertex -38.63703305 10.3527618 55
      vertex -36.9551813 15.30733729 55
    endloop
  endfacet
  facet normal -0.76650466 0.15246726 -0.62387846
    outer loop
      vertex -7.72740661 2.07055236 15
      vertex -7.93155889 1.04420954 15
      vertex -39.65779445 5.22104769 55
    endloop
  endfacet
  facet normal -0.76650466 0.15246726 -0.62387846
    outer loop
      vertex -7.72740661 2.07055236 15
      vertex -39.65779445 5.22104769 55
      vertex -38.63703305 10.3527618 55
    endloop
  endfacet
  facet normal -0.77984808 0.05111394 -0.62387846
    outer loop
      vertex -7.93155889 1.04420954 15
      vertex -8 0 15
      vertex -40 0 55
    endloop
  endfacet
  facet normal -0.77984808 0.05111394 -0.62387846
    outer loop
      vertex -7.93155889 1.04420954 15
      vertex -40 0 55
      vertex -39.65779445 5.22104769 55
    endloop
  endfacet
  facet normal -0.77984808 -0.05111394 -0.62387846
    outer loop
      vertex -8 0 15
      vertex -7.93155889 -1.04420954 15
      vertex -39.65779445 -5.22104769 55
    endloop
  endfacet
  facet normal -0.77984808 -0.05111394 -0.62387846
    outer loop
      vertex -8 0 15
      vertex -39.65779445 -5.22104769 55
      vertex -40 0 55
    endloop
  endfacet
  facet normal -0.76650466 -0.15246726 -0.62387846
    outer loop
      vertex -7.93155889 -1.04420954 15
      vertex -7.72740661 -2.07055236 15
      vertex -38.63703305 -10.3527618 55
    endloop
  endfacet
  facet normal -0.76650466 -0.15246726 -0.62387846
    outer loop
      vertex -7.93155889 -1.04420954 15
      vertex -38.63703305 -10.3527618 55
      vertex -39.65779445 -5.22104769 55
    endloop
  endfacet
  facet normal -0.74004614 -0.25121181 -0.62387846
    outer loop
      vertex -7.72740661 -2.07055236 15
      vertex -7.39103626 -3.06146746 15
      vertex -36.9551813 -15.30733729 55
    endloop
  endfacet
  facet normal -0.74004614 -0.25121181 -0.62387846
    outer loop
      vertex -7.72740661 -2.07055236 15
      vertex -36.9551813 -15.30733729 55
      vertex -38.63703305 -10.3527618 55
    endloop
  endfacet
  facet normal -0.70092522 -0.34565807 -0.62387846
    outer loop
      vertex -7.39103626 -3.06146746 15
      vertex -6.92820323 -4 15
      vertex -34.64101615 -20 55
    endloop
  endfacet
  facet normal -0.70092522 -0.34565807 -0.62387846
    outer loop
      vertex -7.39103626 -3.06146746 15
      vertex -34.64101615 -20 55
      vertex -36.9551813 -15.30733729 55
    endloop
  endfacet
  facet normal -0.64981128 -0.43419001 -0.62387846
    outer loop
      vertex -6.92820323 -4 15
      vertex -6.34682672 -4.87009143 15
      vertex -31.73413361 -24.35045716 55
    endloop
  endfacet
  facet normal -0.64981128 -0.43419001 -0.62387846
    outer loop
      vertex -6.92820323 -4 15
      vertex -31.73413361 -24.35045716 55
      vertex -34.64101615 -20 55
    endloop
  endfacet
  facet normal -0.58757888 -0.51529285 -0.62387846
    outer loop
      vertex -6.34682672 -4.87009143 15
      vertex -5.65685425 -5.65685425 15
      vertex -28.28427125 -28.28427125 55
    endloop
  endfacet
  facet normal -0.58757888 -0.51529285 -0.62387846
    outer loop
      vertex -6.34682672 -4.87009143 15
      vertex -28.28427125 -28.28427125 55
      vertex -31.73413361 -24.35045716 55
    endloop
  endfacet
  facet normal -0.51529285 -0.58757888 -0.62387846
    outer loop
      vertex -5.65685425 -5.65685425 15
      vertex -4.87009143 -6.34682672 15
      vertex -24.35045716 -31.73413361 55
    endloop
  endfacet
  facet normal -0.51529285 -0.58757888 -0.62387846
    outer loop
      vertex -5.65685425 -5.65685425 15
      vertex -24.35045716 -31.73413361 55
      vertex -28.28427125 -28.28427125 55
    endloop
  endfacet
  facet normal -0.43419001 -0.64981128 -0.62387846
    outer loop
      vertex -4.87009143 -6.34682672 15
      vertex -4 -6.92820323 15
      vertex -20 -34.64101615 55
    endloop
  endfacet
  facet normal -0.43419001 -0.64981128 -0.62387846
    outer loop
      vertex -4.87009143 -6.34682672 15
      vertex -20 -34.64101615 55
      vertex -24.35045716 -31.73413361 55
    endloop
  endfacet
  facet normal -0.34565807 -0.70092522 -0.62387846
    outer loop
      vertex -4 -6.92820323 15
      vertex -3.06146746 -7.39103626 15
      vertex -15.30733729 -36.9551813 55
    endloop
  endfacet
  facet normal -0.34565807 -0.70092522 -0.62387846
    outer loop
      vertex -4 -6.92820323 15
      vertex -15.30733729 -36.9551813 55
      vertex -20 -34.64101615 55
    endloop
  endfacet
  facet normal -0.25121181 -0.74004614 -0.62387846
    outer loop
      vertex -3.06146746 -7.39103626 15
      vertex -2.07055236 -7.72740661 15
      vertex -10.3527618 -38.63703305 55
    endloop
  endfacet
  facet normal -0.25121181 -0.74004614 -0.62387846
    outer loop
      vertex -3.06146746 -7.39103626 15
      vertex -10.3527618 -38.63703305 55
      vertex -15.30733729 -36.9551813 55
    endloop
  endfacet
  facet normal -0.15246726 -0.76650466 -0.62387846
    outer loop
      vertex -2.07055236 -7.72740661 15
      vertex -1.04420954 -7.93155889 15
      vertex -5.22104769 -39.65779445 55
    endloop
  endfacet
  facet normal -0.15246726 -0.76650466 -0.62387846
    outer loop
      vertex -2.07055236 -7.72740661 15
      vertex -5.22104769 -39.65779445 55
      vertex -10.3527618 -38.63703305 55
    endloop
  endfacet
  facet normal -0.05111394 -0.77984808 -0.62387846
    outer loop
      vertex -1.04420954 -7.93155889 15
      vertex 0 -8 15
      vertex 0 -40 55
    endloop
  endfacet
  facet normal -0.05111394 -0.77984808 -0.62387846
    outer loop
      vertex -1.04420954 -7.93155889 15
      vertex 0 -40 55
      vertex -5.22104769 -39.65779445 55
    endloop
  endfacet
  facet normal 0.05111394 -0.77984808 -0.62387846
    outer loop
      vertex 0 -8 15
      vertex 1.04420954 -7.93155889 15
      vertex 5.22104769 -39.65779445 55
    endloop
  endfacet
  facet normal 0.05111394 -0.77984808 -0.62387846
    outer loop
      vertex 0 -8 15
      vertex 5.22104769 -39.65779445 55
      vertex 0 -40 55
    endloop
  endfacet
  facet normal 0.15246726 -0.76650466 -0.62387846
    outer loop
      vertex 1.04420954 -7.93155889 15
      vertex 2.07055236 -7.72740661 15
      vertex 10.3527618 -38.63703305 55
    endloop
  endfacet
  facet normal 0.15246726 -0.76650466 -0.62387846
    outer loop
      vertex 1.04420954 -7.93155889 15
      vertex 10.3527618 -38.63703305 55
      vertex 5.22104769 -39.65779445 55
    endloop
  endfacet
  facet normal 0.25121181 -0.74004614 -0.62387846
    outer loop
      vertex 2.07055236 -7.72740661 15
      vertex 3.06146746 -7.39103626 15
      vertex 15.30733729 -36.9551813 55
    endloop
  endfacet
  facet normal 0.25121181 -0.74004614 -0.62387846
    outer loop
      vertex 2.07055236 -7.72740661 15
      vertex 15.30733729 -36.9551813 55
      vertex 10.3527618 -38.63703305 55
    endloop
  endfacet
  facet normal 0.34565807 -0.70092522 -0.62387846
    outer loop
      vertex 3.06146746 -7.39103626 15
      vertex 4 -6.92820323 15
      vertex 20 -34.64101615 55
    endloop
  endfacet
  facet normal 0.34565807 -0.70092522 -0.62387846
    outer loop
      vertex 3.06146746 -7.39103626 15
      vertex 20 -34.64101615 55
      vertex 15.30733729 -36.9551813 55
    endloop
  endfacet
  facet normal 0.43419001 -0.64981128 -0.62387846
    outer loop
      vertex 4 -6.92820323 15
      vertex 4.87009143 -6.34682672 15
      vertex 24.35045716 -31.73413361 55
    endloop
  endfacet
  facet normal 0.43419001 -0.64981128 -0.62387846
    outer loop
      vertex 4 -6.92820323 15
      vertex 24.35045716 -31.73413361 55
      vertex 20 -34.64101615 55
    endloop
  endfacet
  facet normal 0.51529285 -0.58757888 -0.62387846
    outer loop
      vertex 4.87009143 -6.34682672 15
      vertex 5.65685425 -5.65685425 15
      vertex 28.28427125 -28.28427125 55
    endloop
  endfacet
  facet normal 0.51529285 -0.58757888 -0.62387846
    outer loop
      vertex 4.87009143 -6.34682672 15
      vertex 28.28427125 -28.28427125 55
      vertex 24.35045716 -31.73413361 55
    endloop
  endfacet
  facet normal 0.58757888 -0.51529285 -0.62387846
    outer loop
      vertex 5.65685425 -5.65685425 15
      vertex 6.34682672 -4.87009143 15
      vertex 31.73413361 -24.35045716 55
    endloop
  endfacet
  facet normal 0.58757888 -0.51529285 -0.62387846
    outer loop
      vertex 5.65685425 -5.65685425 15
      vertex 31.73413361 -24.35045716 55
      vertex 28.28427125 -28.28427125 55
    endloop
  endfacet
  facet normal 0.64981128 -0.43419001 -0.62387846
    outer loop
      vertex 6.34682672 -4.87009143 15
      vertex 6.92820323 -4 15
      vertex 34.64101615 -20 55
    endloop
  endfacet
  facet normal 0.64981128 -0.43419001 -0.62387846
    outer loop
      vertex 6.34682672 -4.87009143 15
      vertex 34.64101615 -20 55
      vertex 31.73413361 -24.35045716 55
    endloop
  endfacet
  facet normal 0.70092522 -0.34565807 -0.62387846
    outer loop
      vertex 6.92820323 -4 15
      vertex 7.39103626 -3.06146746 15
      vertex 36.9551813 -15.30733729 55
    endloop
  endfacet
  facet normal 0.70092522 -0.34565807 -0.62387846
    outer loop
      vertex 6.92820323 -4 15
      vertex 36.9551813 -15.30733729 55
      vertex 34.64101615 -20 55
    endloop
  endfacet
  facet normal 0.74004614 -0.25121181 -0.62387846
    outer loop
      vertex 7.39103626 -3.06146746 15
      vertex 7.72740661 -2.07055236 15
      vertex 38.63703305 -10.3527618 55
    endloop
  endfacet
  facet normal 0.74004614 -0.25121181 -0.62387846
    outer loop
      vertex 7.39103626 -3.06146746 15
      vertex 38.63703305 -10.3527618 55
      vertex 36.9551813 -15.30733729 55
    endloop
  endfacet
  facet normal 0.76650466 -0.15246726 -0.62387846
    outer loop
      vertex 7.72740661 -2.07055236 15
      vertex 7.93155889 -1.04420954 15
      vertex 39.65779445 -5.22104769 55
    endloop
  endfacet
  facet normal 0.76650466 -0.15246726 -0.62387846
    outer loop
      vertex 7.72740661 -2.07055236 15
      vertex 39.65779445 -5.22104769 55
      vertex 38.63703305 -10.3527618 55
    endloop
  endfacet
  facet normal 0.77984808 -0.05111394 -0.62387846
    outer loop
      vertex 7.93155889 -1.04420954 15
      vertex 8 0 15
      vertex 40 0 55
    endloop
  endfacet
  facet normal 0.77984808 -0.05111394 -0.62387846
    outer loop
      vertex 7.93155889 -1.04420954 15
      vertex 40 0 55
      vertex 39.65779445 -5.22104769 55
    endloop
  endfacet
  facet normal 0.99785892 0.06540313 0
    outer loop
      vertex 40 0 55
      vertex 39.65779445 5.22104769 55
      vertex 39.65779445 5.22104769 125
    endloop
  endfacet
  facet normal 0.99785892 0.06540313 0
    outer loop
      vertex 40 0 55
      vertex 39.65779445 5.22104769 125
      vertex 40 0 125
    endloop
  endfacet
  facet normal 0.98078528 0.19509032 0
    outer loop
      vertex 39.65779445 5.22104769 55
      vertex 38.63703305 10.3527618 55
      vertex 38.63703305 10.3527618 125
    endloop
  endfacet
  facet normal 0.98078528 0.19509032 0
    outer loop
      vertex 39.65779445 5.22104769 55
      vertex 38.63703305 10.3527618 125
      vertex 39.65779445 5.22104769 125
    endloop
  endfacet
  facet normal 0.94693013 0.32143947 0
    outer loop
      vertex 38.63703305 10.3527618 55
      vertex 36.9551813 15.30733729 55
      vertex 36.9551813 15.30733729 125
    endloop
  endfacet
  facet normal 0.94693013 0.32143947 0
    outer loop
      vertex 38.63703305 10.3527618 55
      vertex 36.9551813 15.30733729 125
      vertex 38.63703305 10.3527618 125
    endloop
  endfacet
  facet normal 0.89687274 0.44228869 0
    outer loop
      vertex 36.9551813 15.30733729 55
      vertex 34.64101615 20 55
      vertex 34.64101615 20 125
    endloop
  endfacet
  facet normal 0.89687274 0.44228869 0
    outer loop
      vertex 36.9551813 15.30733729 55
      vertex 34.64101615 20 125
      vertex 36.9551813 15.30733729 125
    endloop
  endfacet
  facet normal 0.83146961 0.55557023 0
    outer loop
      vertex 34.64101615 20 55
      vertex 31.73413361 24.35045716 55
      vertex 31.73413361 24.35045716 125
    endloop
  endfacet
  facet normal 0.83146961 0.55557023 0
    outer loop
      vertex 34.64101615 20 55
      vertex 31.73413361 24.35045716 125
      vertex 34.64101615 20 125
    endloop
  endfacet
  facet normal 0.75183981 0.65934582 0
    outer loop
      vertex 31.73413361 24.35045716 55
      vertex 28.28427125 28.28427125 55
      vertex 28.28427125 28.28427125 125
    endloop
  endfacet
  facet normal 0.75183981 0.65934582 0
    outer loop
      vertex 31.73413361 24.35045716 55
      vertex 28.28427125 28.28427125 125
      vertex 31.73413361 24.35045716 125
    endloop
  endfacet
  facet normal 0.65934582 0.75183981 0
    outer loop
      vertex 28.28427125 28.28427125 55
      vertex 24.35045716 31.73413361 55
      vertex 24.35045716 31.73413361 125
    endloop
  endfacet
  facet normal 0.65934582 0.75183981 0
    outer loop
      vertex 28.28427125 28.28427125 55
      vertex 24.35045716 31.73413361 125
      vertex 28.28427125 28.28427125 125
    endloop
  endfacet
  facet normal 0.55557023 0.83146961 0
    outer loop
      vertex 24.35045716 31.73413361 55
      vertex 20 34.64101615 55
      vertex 20 34.64101615 125
    endloop
  endfacet
  facet normal 0.55557023 0.83146961 0
    outer loop
      vertex 24.35045716 31.73413361 55
      vertex 20 34.64101615 125
      vertex 24.35045716 31.73413361 125
    endloop
  endfacet
  facet normal 0.44228869 0.89687274 0
    outer loop
      vertex 20 34.64101615 55
      vertex 15.30733729 36.9551813 55
      vertex 15.30733729 36.9551813 125
    endloop
  endfacet
  facet normal 0.44228869 0.89687274 0
    outer loop
      vertex 20 34.64101615 55
      vertex 15.30733729 36.9551813 125
      vertex 20 34.64101615 125
    endloop
  endfacet
  facet normal 0.32143947 0.94693013 0
    outer loop
      vertex 15.30733729 36.9551813 55
      vertex 10.3527618 38.63703305 55
      vertex 10.3527618 38.63703305 125
    endloop
  endfacet
  facet normal 0.32143947 0.94693013 0
    outer loop
      vertex 15.30733729 36.9551813 55
      vertex 10.3527618 38.63703305 125
      vertex 15.30733729 36.9551813 125
    endloop
  endfacet
  facet normal 0.19509032 0.98078528 0
    outer loop
      vertex 10.3527618 38.63703305 55
      vertex 5.22104769 39.65779445 55
      vertex 5.22104769 39.65779445 125
    endloop
  endfacet
  facet normal 0.19509032 0.98078528 0
    outer loop
      vertex 10.3527618 38.63703305 55
      vertex 5.22104769 39.65779445 125
      vertex 10.3527618 38.63703305 125
    endloop
  endfacet
  facet normal 0.06540313 0.99785892 0
    outer loop
      vertex 5.22104769 39.65779445 55
      vertex 0 40 55
      vertex 0 40 125
    endloop
  endfacet
  facet normal 0.06540313 0.99785892 0
    outer loop
      vertex 5.22104769 39.65779445 55
      vertex 0 40 125
      vertex 5.22104769 39.65779445 125
    endloop
  endfacet
  facet normal -0.06540313 0.99785892 0
    outer loop
      vertex 0 40 55
      vertex -5.22104769 39.65779445 55
      vertex -5.22104769 39.65779445 125
    endloop
  endfacet
  facet normal -0.06540313 0.99785892 0
    outer loop
      vertex 0 40 55
      vertex -5.22104769 39.65779445 125
      vertex 0 40 125
    endloop
  endfacet
  facet normal -0.19509032 0.98078528 0
    outer loop
      vertex -5.22104769 39.65779445 55
      vertex -10.3527618 38.63703305 55
      vertex -10.3527618 38.63703305 125
    endloop
  endfacet
  facet normal -0.19509032 0.98078528 0
    outer loop
      vertex -5.22104769 39.65779445 55
      vertex -10.3527618 38.63703305 125
      vertex -5.22104769 39.65779445 125
    endloop
  endfacet
  facet normal -0.32143947 0.94693013 0
    outer loop
      vertex -10.3527618 38.63703305 55
      vertex -15.30733729 36.9551813 55
      vertex -15.30733729 36.9551813 125
    endloop
  endfacet
  facet normal -0.32143947 0.94693013 0
    outer loop
      vertex -10.3527618 38.63703305 55
      vertex -15.30733729 36.9551813 125
      vertex -10.3527618 38.63703305 125
    endloop
  endfacet
  facet normal -0.44228869 0.89687274 0
    outer loop
      vertex -15.30733729 36.9551813 55
      vertex -20 34.64101615 55
      vertex -20 34.64101615 125
    endloop
  endfacet
  facet normal -0.44228869 0.89687274 0
    outer loop
      vertex -15.30733729 36.9551813 55
      vertex -20 34.64101615 125
      vertex -15.30733729 36.9551813 125
    endloop
  endfacet
  facet normal -0.55557023 0.83146961 0
    outer loop
      vertex -20 34.64101615 55
      vertex -24.35045716 31.73413361 55
      vertex -24.35045716 31.73413361 125
    endloop
  endfacet
  facet normal -0.55557023 0.83146961 0
    outer loop
      vertex -20 34.64101615 55
      vertex -24.35045716 31.73413361 125
      vertex -20 34.64101615 125
    endloop
  endfacet
  facet normal -0.65934582 0.75183981 0
    outer loop
      vertex -24.35045716 31.73413361 55
      vertex -28.28427125 28.28427125 55
      vertex -28.28427125 28.28427125 125
    endloop
  endfacet
  facet normal -0.65934582 0.75183981 0
    outer loop
      vertex -24.35045716 31.73413361 55
      vertex -28.28427125 28.28427125 125
      vertex -24.35045716 31.73413361 125
    endloop
  endfacet
  facet normal -0.75183981 0.65934582 0
    outer loop
      vertex -28.28427125 28.28427125 55
      vertex -31.73413361 24.35045716 55
      vertex -31.73413361 24.35045716 125
    endloop
  endfacet
  facet normal -0.75183981 0.65934582 0
    outer loop
      vertex -28.28427125 28.28427125 55
      vertex -31.73413361 24.35045716 125
      vertex -28.28427125 28.28427125 125
    endloop
  endfacet
  facet normal -0.83146961 0.55557023 0
    outer loop
      vertex -31.73413361 24.35045716 55
      vertex -34.64101615 20 55
      vertex -34.64101615 20 125
    endloop
  endfacet
  facet normal -0.83146961 0.55557023 0
    outer loop
      vertex -31.73413361 24.35045716 55
      vertex -34.64101615 20 125
      vertex -31.73413361 24.35045716 125
    endloop
  endfacet
  facet normal -0.89687274 0.44228869 0
    outer loop
      vertex -34.64101615 20 55
      vertex -36.9551813 15.30733729 55
      vertex -36.9551813 15.30733729 125
    endloop
  endfacet
  facet normal -0.89687274 0.44228869 0
    outer loop
      vertex -34.64101615 20 55
      vertex -36.9551813 15.30733729 125
      vertex -34.64101615 20 125
    endloop
  endfacet
  facet normal -0.94693013 0.32143947 0
    outer loop
      vertex -36.9551813 15.30733729 55
      vertex -38.63703305 10.3527618 55
      vertex -38.63703305 10.3527618 125
    endloop
  endfacet
  facet normal -0.94693013 0.32143947 0
    outer loop
      vertex -36.9551813 15.30733729 55
      vertex -38.63703305 10.3527618 125
      vertex -36.9551813 15.30733729 125
    endloop
  endfacet
  facet normal -0.98078528 0.19509032 0
    outer loop
      vertex -38.63703305 10.3527618 55
      vertex -39.65779445 5.22104769 55
      vertex -39.65779445 5.22104769 125
    endloop
  endfacet
  facet normal -0.98078528 0.19509032 0
    outer loop
      vertex -38.63703305 10.3527618 55
      vertex -39.65779445 5.22104769 125
      vertex -38.63703305 10.3527618 125
    endloop
  endfacet
  facet normal -0.99785892 0.06540313 0
    outer loop
      vertex -39.65779445 5.22104769 55
      vertex -40 0 55
      vertex -40 0 125
    endloop
  endfacet
  facet normal -0.99785892 0.06540313 0
    outer loop
      vertex -39.65779445 5.22104769 55
      vertex -40 0 125
      vertex -39.65779445 5.22104769 125
    endloop
  endfacet
  facet normal -0.99785892 -0.06540313 0
    outer loop
      vertex -40 0 55
      vertex -39.65779445 -5.22104769 55
      vertex -39.65779445 -5.22104769 125
    endloop
  endfacet
  facet normal -0.99785892 -0.06540313 0
    outer loop
      vertex -40 0 55
      vertex -39.65779445 -5.22104769 125
      vertex -40 0 125
    endloop
  endfacet
  facet normal -0.98078528 -0.19509032 0
    outer loop
      vertex -39.65779445 -5.22104769 55
      vertex -38.63703305 -10.3527618 55
      vertex -38.63703305 -10.3527618 125
    endloop
  endfacet
  facet normal -0.98078528 -0.19509032 0
    outer loop
      vertex -39.65779445 -5.22104769 55
      vertex -38.63703305 -10.3527618 125
      vertex -39.65779445 -5.22104769 125
    endloop
  endfacet
  facet normal -0.94693013 -0.32143947 0
    outer loop
      vertex -38.63703305 -10.3527618 55
      vertex -36.9551813 -15.30733729 55
      vertex -36.9551813 -15.30733729 125
    endloop
  endfacet
  facet normal -0.94693013 -0.32143947 0
    outer loop
      vertex -38.63703305 -10.3527618 55
      vertex -36.9551813 -15.30733729 125
      vertex -38.63703305 -10.3527618 125
    endloop
  endfacet
  facet normal -0.89687274 -0.44228869 0
    outer loop
      vertex -36.9551813 -15.30733729 55
      vertex -34.64101615 -20 55
      vertex -34.64101615 -20 125
    endloop
  endfacet
  facet normal -0.89687274 -0.44228869 0
    outer loop
      vertex -36.9551813 -15.30733729 55
      vertex -34.64101615 -20 125
      vertex -36.9551813 -15.30733729 125
    endloop
  endfacet
  facet normal -0.83146961 -0.55557023 0
    outer loop
      vertex -34.64101615 -20 55
      vertex -31.73413361 -24.35045716 55
      vertex -31.73413361 -24.35045716 125
    endloop
  endfacet
  facet normal -0.83146961 -0.55557023 0
    outer loop
      vertex -34.64101615 -20 55
      vertex -31.73413361 -24.35045716 125
      vertex -34.64101615 -20 125
    endloop
  endfacet
  facet normal -0.75183981 -0.65934582 0
    outer loop
      vertex -31.73413361 -24.35045716 55
      vertex -28.28427125 -28.28427125 55
      vertex -28.28427125 -28.28427125 125
    endloop
  endfacet
  facet normal -0.75183981 -0.65934582 0
    outer loop
      vertex -31.73413361 -24.35045716 55
      vertex -28.28427125 -28.28427125 125
      vertex -31.73413361 -24.35045716 125
    endloop
  endfacet
  facet normal -0.65934582 -0.75183981 0
    outer loop
      vertex -28.28427125 -28.28427125 55
      vertex -24.35045716 -31.73413361 55
      vertex -24.35045716 -31.73413361 125
    endloop
  endfacet
  facet normal -0.65934582 -0.75183981 0
    outer loop
      vertex -28.28427125 -28.28427125 55
      vertex -24.35045716 -31.73413361 125
      vertex -28.28427125 -28.28427125 125
    endloop
  endfacet
  facet normal -0.55557023 -0.83146961 0
    outer loop
      vertex -24.35045716 -31.73413361 55
      vertex -20 -34.64101615 55
      vertex -20 -34.64101615 125
    endloop
  endfacet
  facet normal -0.55557023 -0.83146961 0
    outer loop
      vertex -24.35045716 -31.73413361 55
      vertex -20 -34.64101615 125
      vertex -24.35045716 -31.73413361 125
    endloop
  endfacet
  facet normal -0.44228869 -0.89687274 0
    outer loop
      vertex -20 -34.64101615 55
      vertex -15.30733729 -36.9551813 55
      vertex -15.30733729 -36.9551813 125
    endloop
  endfacet
  facet normal -0.44228869 -0.89687274 0
    outer loop
      vertex -20 -34.64101615 55
      vertex -15.30733729 -36.9551813 125
      vertex -20 -34.64101615 125
    endloop
  endfacet
  facet normal -0.32143947 -0.94693013 0
    outer loop
      vertex -15.30733729 -36.9551813 55
      vertex -10.3527618 -38.63703305 55
      vertex -10.3527618 -38.63703305 125
    endloop
  endfacet
  facet normal -0.32143947 -0.94693013 0
    outer loop
      vertex -15.30733729 -36.9551813 55
      vertex -10.3527618 -38.63703305 125
      vertex -15.30733729 -36.9551813 125
    endloop
  endfacet
  facet normal -0.19509032 -0.98078528 0
    outer loop
      vertex -10.3527618 -38.63703305 55
      vertex -5.22104769 -39.65779445 55
      vertex -5.22104769 -39.65779445 125
    endloop
  endfacet
  facet normal -0.19509032 -0.98078528 0
    outer loop
      vertex -10.3527618 -38.63703305 55
      vertex -5.22104769 -39.65779445 125
      vertex -10.3527618 -38.63703305 125
    endloop
  endfacet
  facet normal -0.06540313 -0.99785892 0
    outer loop
      vertex -5.22104769 -39.65779445 55
      vertex 0 -40 55
      vertex 0 -40 125
    endloop
  endfacet
  facet normal -0.06540313 -0.99785892 0
    outer loop
      vertex -5.22104769 -39.65779445 55
      vertex 0 -40 125
      vertex -5.22104769 -39.65779445 125
    endloop
  endfacet
  facet normal 0.06540313 -0.99785892 0
    outer loop
      vertex 0 -40 55
      vertex 5.22104769 -39.65779445 55
      vertex 5.22104769 -39.65779445 125
    endloop
  endfacet
  facet normal 0.06540313 -0.99785892 0
    outer loop
      vertex 0 -40 55
      vertex 5.22104769 -39.65779445 125
      vertex 0 -40 125
    endloop
  endfacet
  facet normal 0.19509032 -0.98078528 0
    outer loop
      vertex 5.22104769 -39.65779445 55
      vertex 10.3527618 -38.63703305 55
      vertex 10.3527618 -38.63703305 125
    endloop
  endfacet
  facet normal 0.19509032 -0.98078528 0
    outer loop
      vertex 5.22104769 -39.65779445 55
      vertex 10.3527618 -38.63703305 125
      vertex 5.22104769 -39.65779445 125
    endloop
  endfacet
  facet normal 0.32143947 -0.94693013 0
    outer loop
      vertex 10.3527618 -38.63703305 55
      vertex 15.30733729 -36.9551813 55
      vertex 15.30733729 -36.9551813 125
    endloop
  endfacet
  facet normal 0.32143947 -0.94693013 0
    outer loop
      vertex 10.3527618 -38.63703305 55
      vertex 15.30733729 -36.9551813 125
      vertex 10.3527618 -38.63703305 125
    endloop
  endfacet
  facet normal 0.44228869 -0.89687274 0
    outer loop
      vertex 15.30733729 -36.9551813 55
      vertex 20 -34.64101615 55
      vertex 20 -34.64101615 125
    endloop
  endfacet
  facet normal 0.44228869 -0.89687274 0
    outer loop
      vertex 15.30733729 -36.9551813 55
      vertex 20 -34.64101615 125
      vertex 15.30733729 -36.9551813 125
    endloop
  endfacet
  facet normal 0.55557023 -0.83146961 0
    outer loop
      vertex 20 -34.64101615 55
      vertex 24.35045716 -31.73413361 55
      vertex 24.35045716 -31.73413361 125
    endloop
  endfacet
  facet normal 0.55557023 -0.83146961 0
    outer loop
      vertex 20 -34.64101615 55
      vertex 24.35045716 -31.73413361 125
      vertex 20 -34.64101615 125
    endloop
  endfacet
  facet normal 0.65934582 -0.75183981 0
    outer loop
      vertex 24.35045716 -31.73413361 55
      vertex 28.28427125 -28.28427125 55
      vertex 28.28427125 -28.28427125 125
    endloop
  endfacet
  facet normal 0.65934582 -0.75183981 0
    outer loop
      vertex 24.35045716 -31.73413361 55
      vertex 28.28427125 -28.28427125 125
      vertex 24.35045716 -31.73413361 125
    endloop
  endfacet
  facet normal 0.75183981 -0.65934582 0
    outer loop
      vertex 28.28427125 -28.28427125 55
      vertex 31.73413361 -24.35045716 55
      vertex 31.73413361 -24.35045716 125
    endloop
  endfacet
  facet normal 0.75183981 -0.65934582 0
    outer loop
      vertex 28.28427125 -28.28427125 55
      vertex 31.73413361 -24.35045716 125
      vertex 28.28427125 -28.28427125 125
    endloop
  endfacet
  facet normal 0.83146961 -0.55557023 0
    outer loop
      vertex 31.73413361 -24.35045716 55
      vertex 34.64101615 -20 55
      vertex 34.64101615 -20 125
    endloop
  endfacet
  facet normal 0.83146961 -0.55557023 0
    outer loop
      vertex 31.73413361 -24.35045716 55
      vertex 34.64101615 -20 125
      vertex 31.73413361 -24.35045716 125
    endloop
  endfacet
  facet normal 0.89687274 -0.44228869 0
    outer loop
      vertex 34.64101615 -20 55
      vertex 36.9551813 -15.30733729 55
      vertex 36.9551813 -15.30733729 125
    endloop
  endfacet
  facet normal 0.89687274 -0.44228869 0
    outer loop
      vertex 34.64101615 -20 55
      vertex 36.9551813 -15.30733729 125
      vertex 34.64101615 -20 125
    endloop
  endfacet
  facet normal 0.94693013 -0.32143947 0
    outer loop
      vertex 36.9551813 -15.30733729 55
      vertex 38.63703305 -10.3527618 55
      vertex 38.63703305 -10.3527618 125
    endloop
  endfacet
  facet normal 0.94693013 -0.32143947 0
    outer loop
      vertex 36.9551813 -15.30733729 55
      vertex 38.63703305 -10.3527618 125
      vertex 36.9551813 -15.30733729 125
    endloop
  endfacet
  facet normal 0.98078528 -0.19509032 0
    outer loop
      vertex 38.63703305 -10.3527618 55
      vertex 39.65779445 -5.22104769 55
      vertex 39.65779445 -5.22104769 125
    endloop
  endfacet
  facet normal 0.98078528 -0.19509032 0
    outer loop
      vertex 38.63703305 -10.3527618 55
      vertex 39.65779445 -5.22104769 125
      vertex 38.63703305 -10.3527618 125
    endloop
  endfacet
  facet normal 0.99785892 -0.06540313 0
    outer loop
      vertex 39.65779445 -5.22104769 55
      vertex 40 0 55
      vertex 40 0 125
    endloop
  endfacet
  facet normal 0.99785892 -0.06540313 0
    outer loop
      vertex 39.65779445 -5.22104769 55
      vertex 40 0 125
      vertex 39.65779445 -5.22104769 125
    endloop
  endfacet
  facet normal -0.99785892 -0.06540313 0
    outer loop
      vertex 6 0 0
      vertex 6 0 15
      vertex 5.94866917 0.78315715 15
    endloop
  endfacet
  facet normal -0.99785892 -0.06540313 0
    outer loop
      vertex 6 0 0
      vertex 5.94866917 0.78315715 15
      vertex 5.94866917 0.78315715 0
    endloop
  endfacet
  facet normal -0.98078528 -0.19509032 0
    outer loop
      vertex 5.94866917 0.78315715 0
      vertex 5.94866917 0.78315715 15
      vertex 5.79555496 1.55291427 15
    endloop
  endfacet
  facet normal -0.98078528 -0.19509032 0
    outer loop
      vertex 5.94866917 0.78315715 0
      vertex 5.79555496 1.55291427 15
      vertex 5.79555496 1.55291427 0
    endloop
  endfacet
  facet normal -0.94693013 -0.32143947 0
    outer loop
      vertex 5.79555496 1.55291427 0
      vertex 5.79555496 1.55291427 15
      vertex 5.5432772 2.29610059 15
    endloop
  endfacet
  facet normal -0.94693013 -0.32143947 0
    outer loop
      vertex 5.79555496 1.55291427 0
      vertex 5.5432772 2.29610059 15
      vertex 5.5432772 2.29610059 0
    endloop
  endfacet
  facet normal -0.89687274 -0.44228869 0
    outer loop
      vertex 5.5432772 2.29610059 0
      vertex 5.5432772 2.29610059 15
      vertex 5.19615242 3 15
    endloop
  endfacet
  facet normal -0.89687274 -0.44228869 0
    outer loop
      vertex 5.5432772 2.29610059 0
      vertex 5.19615242 3 15
      vertex 5.19615242 3 0
    endloop
  endfacet
  facet normal -0.83146961 -0.55557023 0
    outer loop
      vertex 5.19615242 3 0
      vertex 5.19615242 3 15
      vertex 4.76012004 3.65256857 15
    endloop
  endfacet
  facet normal -0.83146961 -0.55557023 0
    outer loop
      vertex 5.19615242 3 0
      vertex 4.76012004 3.65256857 15
      vertex 4.76012004 3.65256857 0
    endloop
  endfacet
  facet normal -0.75183981 -0.65934582 0
    outer loop
      vertex 4.76012004 3.65256857 0
      vertex 4.76012004 3.65256857 15
      vertex 4.24264069 4.24264069 15
    endloop
  endfacet
  facet normal -0.75183981 -0.65934582 0
    outer loop
      vertex 4.76012004 3.65256857 0
      vertex 4.24264069 4.24264069 15
      vertex 4.24264069 4.24264069 0
    endloop
  endfacet
  facet normal -0.65934582 -0.75183981 0
    outer loop
      vertex 4.24264069 4.24264069 0
      vertex 4.24264069 4.24264069 15
      vertex 3.65256857 4.76012004 15
    endloop
  endfacet
  facet normal -0.65934582 -0.75183981 0
    outer loop
      vertex 4.24264069 4.24264069 0
      vertex 3.65256857 4.76012004 15
      vertex 3.65256857 4.76012004 0
    endloop
  endfacet
  facet normal -0.55557023 -0.83146961 0
    outer loop
      vertex 3.65256857 4.76012004 0
      vertex 3.65256857 4.76012004 15
      vertex 3 5.19615242 15
    endloop
  endfacet
  facet normal -0.55557023 -0.83146961 0
    outer loop
      vertex 3.65256857 4.76012004 0
      vertex 3 5.19615242 15
      vertex 3 5.19615242 0
    endloop
  endfacet
  facet normal -0.44228869 -0.89687274 0
    outer loop
      vertex 3 5.19615242 0
      vertex 3 5.19615242 15
      vertex 2.29610059 5.5432772 15
    endloop
  endfacet
  facet normal -0.44228869 -0.89687274 0
    outer loop
      vertex 3 5.19615242 0
      vertex 2.29610059 5.5432772 15
      vertex 2.29610059 5.5432772 0
    endloop
  endfacet
  facet normal -0.32143947 -0.94693013 0
    outer loop
      vertex 2.29610059 5.5432772 0
      vertex 2.29610059 5.5432772 15
      vertex 1.55291427 5.79555496 15
    endloop
  endfacet
  facet normal -0.32143947 -0.94693013 0
    outer loop
      vertex 2.29610059 5.5432772 0
      vertex 1.55291427 5.79555496 15
      vertex 1.55291427 5.79555496 0
    endloop
  endfacet
  facet normal -0.19509032 -0.98078528 0
    outer loop
      vertex 1.55291427 5.79555496 0
      vertex 1.55291427 5.79555496 15
      vertex 0.78315715 5.94866917 15
    endloop
  endfacet
  facet normal -0.19509032 -0.98078528 0
    outer loop
      vertex 1.55291427 5.79555496 0
      vertex 0.78315715 5.94866917 15
      vertex 0.78315715 5.94866917 0
    endloop
  endfacet
  facet normal -0.06540313 -0.99785892 0
    outer loop
      vertex 0.78315715 5.94866917 0
      vertex 0.78315715 5.94866917 15
      vertex 0 6 15
    endloop
  endfacet
  facet normal -0.06540313 -0.99785892 0
    outer loop
      vertex 0.78315715 5.94866917 0
      vertex 0 6 15
      vertex 0 6 0
    endloop
  endfacet
  facet normal 0.06540313 -0.99785892 0
    outer loop
      vertex 0 6 0
      vertex 0 6 15
      vertex -0.78315715 5.94866917 15
    endloop
  endfacet
  facet normal 0.06540313 -0.99785892 0
    outer loop
      vertex 0 6 0
      vertex -0.78315715 5.94866917 15
      vertex -0.78315715 5.94866917 0
    endloop
  endfacet
  facet normal 0.19509032 -0.98078528 0
    outer loop
      vertex -0.78315715 5.94866917 0
      vertex -0.78315715 5.94866917 15
      vertex -1.55291427 5.79555496 15
    endloop
  endfacet
  facet normal 0.19509032 -0.98078528 0
    outer loop
      vertex -0.78315715 5.94866917 0
      vertex -1.55291427 5.79555496 15
      vertex -1.55291427 5.79555496 0
    endloop
  endfacet
  facet normal 0.32143947 -0.94693013 0
    outer loop
      vertex -1.55291427 5.79555496 0
      vertex -1.55291427 5.79555496 15
      vertex -2.29610059 5.5432772 15
    endloop
  endfacet
  facet normal 0.32143947 -0.94693013 0
    outer loop
      vertex -1.55291427 5.79555496 0
      vertex -2.29610059 5.5432772 15
      vertex -2.29610059 5.5432772 0
    endloop
  endfacet
  facet normal 0.44228869 -0.89687274 0
    outer loop
      vertex -2.29610059 5.5432772 0
      vertex -2.29610059 5.5432772 15
      vertex -3 5.19615242 15
    endloop
  endfacet
  facet normal 0.44228869 -0.89687274 0
    outer loop
      vertex -2.29610059 5.5432772 0
      vertex -3 5.19615242 15
      vertex -3 5.19615242 0
    endloop
  endfacet
  facet normal 0.55557023 -0.83146961 0
    outer loop
      vertex -3 5.19615242 0
      vertex -3 5.19615242 15
      vertex -3.65256857 4.76012004 15
    endloop
  endfacet
  facet normal 0.55557023 -0.83146961 0
    outer loop
      vertex -3 5.19615242 0
      vertex -3.65256857 4.76012004 15
      vertex -3.65256857 4.76012004 0
    endloop
  endfacet
  facet normal 0.65934582 -0.75183981 0
    outer loop
      vertex -3.65256857 4.76012004 0
      vertex -3.65256857 4.76012004 15
      vertex -4.24264069 4.24264069 15
    endloop
  endfacet
  facet normal 0.65934582 -0.75183981 0
    outer loop
      vertex -3.65256857 4.76012004 0
      vertex -4.24264069 4.24264069 15
      vertex -4.24264069 4.24264069 0
    endloop
  endfacet
  facet normal 0.75183981 -0.65934582 0
    outer loop
      vertex -4.24264069 4.24264069 0
      vertex -4.24264069 4.24264069 15
      vertex -4.76012004 3.65256857 15
    endloop
  endfacet
  facet normal 0.75183981 -0.65934582 0
    outer loop
      vertex -4.24264069 4.24264069 0
      vertex -4.76012004 3.65256857 15
      vertex -4.76012004 3.65256857 0
    endloop
  endfacet
  facet normal 0.83146961 -0.55557023 0
    outer loop
      vertex -4.76012004 3.65256857 0
      vertex -4.76012004 3.65256857 15
      vertex -5.19615242 3 15
    endloop
  endfacet
  facet normal 0.83146961 -0.55557023 0
    outer loop
      vertex -4.76012004 3.65256857 0
      vertex -5.19615242 3 15
      vertex -5.19615242 3 0
    endloop
  endfacet
  facet normal 0.89687274 -0.44228869 0
    outer loop
      vertex -5.19615242 3 0
      vertex -5.19615242 3 15
      vertex -5.5432772 2.29610059 15
    endloop
  endfacet
  facet normal 0.89687274 -0.44228869 0
    outer loop
      vertex -5.19615242 3 0
      vertex -5.5432772 2.29610059 15
      vertex -5.5432772 2.29610059 0
    endloop
  endfacet
  facet normal 0.94693013 -0.32143947 0
    outer loop
      vertex -5.5432772 2.29610059 0
      vertex -5.5432772 2.29610059 15
      vertex -5.79555496 1.55291427 15
    endloop
  endfacet
  facet normal 0.94693013 -0.32143947 0
    outer loop
      vertex -5.5432772 2.29610059 0
      vertex -5.79555496 1.55291427 15
      vertex -5.79555496 1.55291427 0
    endloop
  endfacet
  facet normal 0.98078528 -0.19509032 0
    outer loop
      vertex -5.79555496 1.55291427 0
      vertex -5.79555496 1.55291427 15
      vertex -5.94866917 0.78315715 15
    endloop
  endfacet
  facet normal 0.98078528 -0.19509032 0
    outer loop
      vertex -5.79555496 1.55291427 0
      vertex -5.94866917 0.78315715 15
      vertex -5.94866917 0.78315715 0
    endloop
  endfacet
  facet normal 0.99785892 -0.06540313 0
    outer loop
      vertex -5.94866917 0.78315715 0
      vertex -5.94866917 0.78315715 15
      vertex -6 0 15
    endloop
  endfacet
  facet normal 0.99785892 -0.06540313 0
    outer loop
      vertex -5.94866917 0.78315715 0
      vertex -6 0 15
      vertex -6 0 0
    endloop
  endfacet
  facet normal 0.99785892 0.06540313 0
    outer loop
      vertex -6 0 0
      vertex -6 0 15
      vertex -5.94866917 -0.78315715 15
    endloop
  endfacet
  facet normal 0.99785892 0.06540313 0
    outer loop
      vertex -6 0 0
      vertex -5.94866917 -0.78315715 15
      vertex -5.94866917 -0.78315715 0
    endloop
  endfacet
  facet normal 0.98078528 0.19509032 0
    outer loop
      vertex -5.94866917 -0.78315715 0
      vertex -5.94866917 -0.78315715 15
      vertex -5.79555496 -1.55291427 15
    endloop
  endfacet
  facet normal 0.98078528 0.19509032 0
    outer loop
      vertex -5.94866917 -0.78315715 0
      vertex -5.79555496 -1.55291427 15
      vertex -5.79555496 -1.55291427 0
    endloop
  endfacet
  facet normal 0.94693013 0.32143947 0
    outer loop
      vertex -5.79555496 -1.55291427 0
      vertex -5.79555496 -1.55291427 15
      vertex -5.5432772 -2.29610059 15
    endloop
  endfacet
  facet normal 0.94693013 0.32143947 0
    outer loop
      vertex -5.79555496 -1.55291427 0
      vertex -5.5432772 -2.29610059 15
      vertex -5.5432772 -2.29610059 0
    endloop
  endfacet
  facet normal 0.89687274 0.44228869 0
    outer loop
      vertex -5.5432772 -2.29610059 0
      vertex -5.5432772 -2.29610059 15
      vertex -5.19615242 -3 15
    endloop
  endfacet
  facet normal 0.89687274 0.44228869 0
    outer loop
      vertex -5.5432772 -2.29610059 0
      vertex -5.19615242 -3 15
      vertex -5.19615242 -3 0
    endloop
  endfacet
  facet normal 0.83146961 0.55557023 0
    outer loop
      vertex -5.19615242 -3 0
      vertex -5.19615242 -3 15
      vertex -4.76012004 -3.65256857 15
    endloop
  endfacet
  facet normal 0.83146961 0.55557023 0
    outer loop
      vertex -5.19615242 -3 0
      vertex -4.76012004 -3.65256857 15
      vertex -4.76012004 -3.65256857 0
    endloop
  endfacet
  facet normal 0.75183981 0.65934582 0
    outer loop
      vertex -4.76012004 -3.65256857 0
      vertex -4.76012004 -3.65256857 15
      vertex -4.24264069 -4.24264069 15
    endloop
  endfacet
  facet normal 0.75183981 0.65934582 0
    outer loop
      vertex -4.76012004 -3.65256857 0
      vertex -4.24264069 -4.24264069 15
      vertex -4.24264069 -4.24264069 0
    endloop
  endfacet
  facet normal 0.65934582 0.75183981 0
    outer loop
      vertex -4.24264069 -4.24264069 0
      vertex -4.24264069 -4.24264069 15
      vertex -3.65256857 -4.76012004 15
    endloop
  endfacet
  facet normal 0.65934582 0.75183981 0
    outer loop
      vertex -4.24264069 -4.24264069 0
      vertex -3.65256857 -4.76012004 15
      vertex -3.65256857 -4.76012004 0
    endloop
  endfacet
  facet normal 0.55557023 0.83146961 0
    outer loop
      vertex -3.65256857 -4.76012004 0
      vertex -3.65256857 -4.76012004 15
      vertex -3 -5.19615242 15
    endloop
  endfacet
  facet normal 0.55557023 0.83146961 0
    outer loop
      vertex -3.65256857 -4.76012004 0
      vertex -3 -5.19615242 15
      vertex -3 -5.19615242 0
    endloop
  endfacet
  facet normal 0.44228869 0.89687274 0
    outer loop
      vertex -3 -5.19615242 0
      vertex -3 -5.19615242 15
      vertex -2.29610059 -5.5432772 15
    endloop
  endfacet
  facet normal 0.44228869 0.89687274 0
    outer loop
      vertex -3 -5.19615242 0
      vertex -2.29610059 -5.5432772 15
      vertex -2.29610059 -5.5432772 0
    endloop
  endfacet
  facet normal 0.32143947 0.94693013 0
    outer loop
      vertex -2.29610059 -5.5432772 0
      vertex -2.29610059 -5.5432772 15
      vertex -1.55291427 -5.79555496 15
    endloop
  endfacet
  facet normal 0.32143947 0.94693013 0
    outer loop
      vertex -2.29610059 -5.5432772 0
      vertex -1.55291427 -5.79555496 15
      vertex -1.55291427 -5.79555496 0
    endloop
  endfacet
  facet normal 0.19509032 0.98078528 0
    outer loop
      vertex -1.55291427 -5.79555496 0
      vertex -1.55291427 -5.79555496 15
      vertex -0.78315715 -5.94866917 15
    endloop
  endfacet
  facet normal 0.19509032 0.98078528 0
    outer loop
      vertex -1.55291427 -5.79555496 0
      vertex -0.78315715 -5.94866917 15
      vertex -0.78315715 -5.94866917 0
    endloop
  endfacet
  facet normal 0.06540313 0.99785892 0
    outer loop
      vertex -0.78315715 -5.94866917 0
      vertex -0.78315715 -5.94866917 15
      vertex 0 -6 15
    endloop
  endfacet
  facet normal 0.06540313 0.99785892 0
    outer loop
      vertex -0.78315715 -5.94866917 0
      vertex 0 -6 15
      vertex 0 -6 0
    endloop
  endfacet
  facet normal -0.06540313 0.99785892 0
    outer loop
      vertex 0 -6 0
      vertex 0 -6 15
      vertex 0.78315715 -5.94866917 15
    endloop
  endfacet
  facet normal -0.06540313 0.99785892 0
    outer loop
      vertex 0 -6 0
      vertex 0.78315715 -5.94866917 15
      vertex 0.78315715 -5.94866917 0
    endloop
  endfacet
  facet normal -0.19509032 0.98078528 0
    outer loop
      vertex 0.78315715 -5.94866917 0
      vertex 0.78315715 -5.94866917 15
      vertex 1.55291427 -5.79555496 15
    endloop
  endfacet
  facet normal -0.19509032 0.98078528 0
    outer loop
      vertex 0.78315715 -5.94866917 0
      vertex 1.55291427 -5.79555496 15
      vertex 1.55291427 -5.79555496 0
    endloop
  endfacet
  facet normal -0.32143947 0.94693013 0
    outer loop
      vertex 1.55291427 -5.79555496 0
      vertex 1.55291427 -5.79555496 15
      vertex 2.29610059 -5.5432772 15
    endloop
  endfacet
  facet normal -0.32143947 0.94693013 0
    outer loop
      vertex 1.55291427 -5.79555496 0
      vertex 2.29610059 -5.5432772 15
      vertex 2.29610059 -5.5432772 0
    endloop
  endfacet
  facet normal -0.44228869 0.89687274 0
    outer loop
      vertex 2.29610059 -5.5432772 0
      vertex 2.29610059 -5.5432772 15
      vertex 3 -5.19615242 15
    endloop
  endfacet
  facet normal -0.44228869 0.89687274 0
    outer loop
      vertex 2.29610059 -5.5432772 0
      vertex 3 -5.19615242 15
      vertex 3 -5.19615242 0
    endloop
  endfacet
  facet normal -0.55557023 0.83146961 0
    outer loop
      vertex 3 -5.19615242 0
      vertex 3 -5.19615242 15
      vertex 3.65256857 -4.76012004 15
    endloop
  endfacet
  facet normal -0.55557023 0.83146961 0
    outer loop
      vertex 3 -5.19615242 0
      vertex 3.65256857 -4.76012004 15
      vertex 3.65256857 -4.76012004 0
    endloop
  endfacet
  facet normal -0.65934582 0.75183981 0
    outer loop
      vertex 3.65256857 -4.76012004 0
      vertex 3.65256857 -4.76012004 15
      vertex 4.24264069 -4.24264069 15
    endloop
  endfacet
  facet normal -0.65934582 0.75183981 0
    outer loop
      vertex 3.65256857 -4.76012004 0
      vertex 4.24264069 -4.24264069 15
      vertex 4.24264069 -4.24264069 0
    endloop
  endfacet
  facet normal -0.75183981 0.65934582 0
    outer loop
      vertex 4.24264069 -4.24264069 0
      vertex 4.24264069 -4.24264069 15
      vertex 4.76012004 -3.65256857 15
    endloop
  endfacet
  facet normal -0.75183981 0.65934582 0
    outer loop
      vertex 4.24264069 -4.24264069 0
      vertex 4.76012004 -3.65256857 15
      vertex 4.76012004 -3.65256857 0
    endloop
  endfacet
  facet normal -0.83146961 0.55557023 0
    outer loop
      vertex 4.76012004 -3.65256857 0
      vertex 4.76012004 -3.65256857 15
      vertex 5.19615242 -3 15
    endloop
  endfacet
  facet normal -0.83146961 0.55557023 0
    outer loop
      vertex 4.76012004 -3.65256857 0
      vertex 5.19615242 -3 15
      vertex 5.19615242 -3 0
    endloop
  endfacet
  facet normal -0.89687274 0.44228869 0
    outer loop
      vertex 5.19615242 -3 0
      vertex 5.19615242 -3 15
      vertex 5.5432772 -2.29610059 15
    endloop
  endfacet
  facet normal -0.89687274 0.44228869 0
    outer loop
      vertex 5.19615242 -3 0
      vertex 5.5432772 -2.29610059 15
      vertex 5.5432772 -2.29610059 0
    endloop
  endfacet
  facet normal -0.94693013 0.32143947 0
    outer loop
      vertex 5.5432772 -2.29610059 0
      vertex 5.5432772 -2.29610059 15
      vertex 5.79555496 -1.55291427 15
    endloop
  endfacet
  facet normal -0.94693013 0.32143947 0
    outer loop
      vertex 5.5432772 -2.29610059 0
      vertex 5.79555496 -1.55291427 15
      vertex 5.79555496 -1.55291427 0
    endloop
  endfacet
  facet normal -0.98078528 0.19509032 0
    outer loop
      vertex 5.79555496 -1.55291427 0
      vertex 5.79555496 -1.55291427 15
      vertex 5.94866917 -0.78315715 15
    endloop
  endfacet
  facet normal -0.98078528 0.19509032 0
    outer loop
      vertex 5.79555496 -1.55291427 0
      vertex 5.94866917 -0.78315715 15
      vertex 5.94866917 -0.78315715 0
    endloop
  endfacet
  facet normal -0.99785892 0.06540313 0
    outer loop
      vertex 5.94866917 -0.78315715 0
      vertex 5.94866917 -0.78315715 15
      vertex 6 0 15
    endloop
  endfacet
  facet normal -0.99785892 0.06540313 0
    outer loop
      vertex 5.94866917 -0.78315715 0
      vertex 6 0 15
      vertex 6 0 0
    endloop
  endfacet
  facet normal -0.77984808 -0.05111394 0.62387846
    outer loop
      vertex 6 0 15
      vertex 38 0 55
      vertex 37.67490473 4.9599953 55
    endloop
  endfacet
  facet normal -0.77984808 -0.05111394 0.62387846
    outer loop
      vertex 6 0 15
      vertex 37.67490473 4.9599953 55
      vertex 5.94866917 0.78315715 15
    endloop
  endfacet
  facet normal -0.76650466 -0.15246726 0.62387846
    outer loop
      vertex 5.94866917 0.78315715 15
      vertex 37.67490473 4.9599953 55
      vertex 36.7051814 9.83512371 55
    endloop
  endfacet
  facet normal -0.76650466 -0.15246726 0.62387846
    outer loop
      vertex 5.94866917 0.78315715 15
      vertex 36.7051814 9.83512371 55
      vertex 5.79555496 1.55291427 15
    endloop
  endfacet
  facet normal -0.74004614 -0.25121181 0.62387846
    outer loop
      vertex 5.79555496 1.55291427 15
      vertex 36.7051814 9.83512371 55
      vertex 35.10742224 14.54197043 55
    endloop
  endfacet
  facet normal -0.74004614 -0.25121181 0.62387846
    outer loop
      vertex 5.79555496 1.55291427 15
      vertex 35.10742224 14.54197043 55
      vertex 5.5432772 2.29610059 15
    endloop
  endfacet
  facet normal -0.70092522 -0.34565807 0.62387846
    outer loop
      vertex 5.5432772 2.29610059 15
      vertex 35.10742224 14.54197043 55
      vertex 32.90896534 19 55
    endloop
  endfacet
  facet normal -0.70092522 -0.34565807 0.62387846
    outer loop
      vertex 5.5432772 2.29610059 15
      vertex 32.90896534 19 55
      vertex 5.19615242 3 15
    endloop
  endfacet
  facet normal -0.64981128 -0.43419001 0.62387846
    outer loop
      vertex 5.19615242 3 15
      vertex 32.90896534 19 55
      vertex 30.14742693 23.1329343 55
    endloop
  endfacet
  facet normal -0.64981128 -0.43419001 0.62387846
    outer loop
      vertex 5.19615242 3 15
      vertex 30.14742693 23.1329343 55
      vertex 4.76012004 3.65256857 15
    endloop
  endfacet
  facet normal -0.58757888 -0.51529285 0.62387846
    outer loop
      vertex 4.76012004 3.65256857 15
      vertex 30.14742693 23.1329343 55
      vertex 26.87005769 26.87005769 55
    endloop
  endfacet
  facet normal -0.58757888 -0.51529285 0.62387846
    outer loop
      vertex 4.76012004 3.65256857 15
      vertex 26.87005769 26.87005769 55
      vertex 4.24264069 4.24264069 15
    endloop
  endfacet
  facet normal -0.51529285 -0.58757888 0.62387846
    outer loop
      vertex 4.24264069 4.24264069 15
      vertex 26.87005769 26.87005769 55
      vertex 23.1329343 30.14742693 55
    endloop
  endfacet
  facet normal -0.51529285 -0.58757888 0.62387846
    outer loop
      vertex 4.24264069 4.24264069 15
      vertex 23.1329343 30.14742693 55
      vertex 3.65256857 4.76012004 15
    endloop
  endfacet
  facet normal -0.43419001 -0.64981128 0.62387846
    outer loop
      vertex 3.65256857 4.76012004 15
      vertex 23.1329343 30.14742693 55
      vertex 19 32.90896534 55
    endloop
  endfacet
  facet normal -0.43419001 -0.64981128 0.62387846
    outer loop
      vertex 3.65256857 4.76012004 15
      vertex 19 32.90896534 55
      vertex 3 5.19615242 15
    endloop
  endfacet
  facet normal -0.34565807 -0.70092522 0.62387846
    outer loop
      vertex 3 5.19615242 15
      vertex 19 32.90896534 55
      vertex 14.54197043 35.10742224 55
    endloop
  endfacet
  facet normal -0.34565807 -0.70092522 0.62387846
    outer loop
      vertex 3 5.19615242 15
      vertex 14.54197043 35.10742224 55
      vertex 2.29610059 5.5432772 15
    endloop
  endfacet
  facet normal -0.25121181 -0.74004614 0.62387846
    outer loop
      vertex 2.29610059 5.5432772 15
      vertex 14.54197043 35.10742224 55
      vertex 9.83512371 36.7051814 55
    endloop
  endfacet
  facet normal -0.25121181 -0.74004614 0.62387846
    outer loop
      vertex 2.29610059 5.5432772 15
      vertex 9.83512371 36.7051814 55
      vertex 1.55291427 5.79555496 15
    endloop
  endfacet
  facet normal -0.15246726 -0.76650466 0.62387846
    outer loop
      vertex 1.55291427 5.79555496 15
      vertex 9.83512371 36.7051814 55
      vertex 4.9599953 37.67490473 55
    endloop
  endfacet
  facet normal -0.15246726 -0.76650466 0.62387846
    outer loop
      vertex 1.55291427 5.79555496 15
      vertex 4.9599953 37.67490473 55
      vertex 0.78315715 5.94866917 15
    endloop
  endfacet
  facet normal -0.05111394 -0.77984808 0.62387846
    outer loop
      vertex 0.78315715 5.94866917 15
      vertex 4.9599953 37.67490473 55
      vertex 0 38 55
    endloop
  endfacet
  facet normal -0.05111394 -0.77984808 0.62387846
    outer loop
      vertex 0.78315715 5.94866917 15
      vertex 0 38 55
      vertex 0 6 15
    endloop
  endfacet
  facet normal 0.05111394 -0.77984808 0.62387846
    outer loop
      vertex 0 6 15
      vertex 0 38 55
      vertex -4.9599953 37.67490473 55
    endloop
  endfacet
  facet normal 0.05111394 -0.77984808 0.62387846
    outer loop
      vertex 0 6 15
      vertex -4.9599953 37.67490473 55
      vertex -0.78315715 5.94866917 15
    endloop
  endfacet
  facet normal 0.15246726 -0.76650466 0.62387846
    outer loop
      vertex -0.78315715 5.94866917 15
      vertex -4.9599953 37.67490473 55
      vertex -9.83512371 36.7051814 55
    endloop
  endfacet
  facet normal 0.15246726 -0.76650466 0.62387846
    outer loop
      vertex -0.78315715 5.94866917 15
      vertex -9.83512371 36.7051814 55
      vertex -1.55291427 5.79555496 15
    endloop
  endfacet
  facet normal 0.25121181 -0.74004614 0.62387846
    outer loop
      vertex -1.55291427 5.79555496 15
      vertex -9.83512371 36.7051814 55
      vertex -14.54197043 35.10742224 55
    endloop
  endfacet
  facet normal 0.25121181 -0.74004614 0.62387846
    outer loop
      vertex -1.55291427 5.79555496 15
      vertex -14.54197043 35.10742224 55
      vertex -2.29610059 5.5432772 15
    endloop
  endfacet
  facet normal 0.34565807 -0.70092522 0.62387846
    outer loop
      vertex -2.29610059 5.5432772 15
      vertex -14.54197043 35.10742224 55
      vertex -19 32.90896534 55
    endloop
  endfacet
  facet normal 0.34565807 -0.70092522 0.62387846
    outer loop
      vertex -2.29610059 5.5432772 15
      vertex -19 32.90896534 55
      vertex -3 5.19615242 15
    endloop
  endfacet
  facet normal 0.43419001 -0.64981128 0.62387846
    outer loop
      vertex -3 5.19615242 15
      vertex -19 32.90896534 55
      vertex -23.1329343 30.14742693 55
    endloop
  endfacet
  facet normal 0.43419001 -0.64981128 0.62387846
    outer loop
      vertex -3 5.19615242 15
      vertex -23.1329343 30.14742693 55
      vertex -3.65256857 4.76012004 15
    endloop
  endfacet
  facet normal 0.51529285 -0.58757888 0.62387846
    outer loop
      vertex -3.65256857 4.76012004 15
      vertex -23.1329343 30.14742693 55
      vertex -26.87005769 26.87005769 55
    endloop
  endfacet
  facet normal 0.51529285 -0.58757888 0.62387846
    outer loop
      vertex -3.65256857 4.76012004 15
      vertex -26.87005769 26.87005769 55
      vertex -4.24264069 4.24264069 15
    endloop
  endfacet
  facet normal 0.58757888 -0.51529285 0.62387846
    outer loop
      vertex -4.24264069 4.24264069 15
      vertex -26.87005769 26.87005769 55
      vertex -30.14742693 23.1329343 55
    endloop
  endfacet
  facet normal 0.58757888 -0.51529285 0.62387846
    outer loop
      vertex -4.24264069 4.24264069 15
      vertex -30.14742693 23.1329343 55
      vertex -4.76012004 3.65256857 15
    endloop
  endfacet
  facet normal 0.64981128 -0.43419001 0.62387846
    outer loop
      vertex -4.76012004 3.65256857 15
      vertex -30.14742693 23.1329343 55
      vertex -32.90896534 19 55
    endloop
  endfacet
  facet normal 0.64981128 -0.43419001 0.62387846
    outer loop
      vertex -4.76012004 3.65256857 15
      vertex -32.90896534 19 55
      vertex -5.19615242 3 15
    endloop
  endfacet
  facet normal 0.70092522 -0.34565807 0.62387846
    outer loop
      vertex -5.19615242 3 15
      vertex -32.90896534 19 55
      vertex -35.10742224 14.54197043 55
    endloop
  endfacet
  facet normal 0.70092522 -0.34565807 0.62387846
    outer loop
      vertex -5.19615242 3 15
      vertex -35.10742224 14.54197043 55
      vertex -5.5432772 2.29610059 15
    endloop
  endfacet
  facet normal 0.74004614 -0.25121181 0.62387846
    outer loop
      vertex -5.5432772 2.29610059 15
      vertex -35.10742224 14.54197043 55
      vertex -36.7051814 9.83512371 55
    endloop
  endfacet
  facet normal 0.74004614 -0.25121181 0.62387846
    outer loop
      vertex -5.5432772 2.29610059 15
      vertex -36.7051814 9.83512371 55
      vertex -5.79555496 1.55291427 15
    endloop
  endfacet
  facet normal 0.76650466 -0.15246726 0.62387846
    outer loop
      vertex -5.79555496 1.55291427 15
      vertex -36.7051814 9.83512371 55
      vertex -37.67490473 4.9599953 55
    endloop
  endfacet
  facet normal 0.76650466 -0.15246726 0.62387846
    outer loop
      vertex -5.79555496 1.55291427 15
      vertex -37.67490473 4.9599953 55
      vertex -5.94866917 0.78315715 15
    endloop
  endfacet
  facet normal 0.77984808 -0.05111394 0.62387846
    outer loop
      vertex -5.94866917 0.78315715 15
      vertex -37.67490473 4.9599953 55
      vertex -38 0 55
    endloop
  endfacet
  facet normal 0.77984808 -0.05111394 0.62387846
    outer loop
      vertex -5.94866917 0.78315715 15
      vertex -38 0 55
      vertex -6 0 15
    endloop
  endfacet
  facet normal 0.77984808 0.05111394 0.62387846
    outer loop
      vertex -6 0 15
      vertex -38 0 55
      vertex -37.67490473 -4.9599953 55
    endloop
  endfacet
  facet normal 0.77984808 0.05111394 0.62387846
    outer loop
      vertex -6 0 15
      vertex -37.67490473 -4.9599953 55
      vertex -5.94866917 -0.78315715 15
    endloop
  endfacet
  facet normal 0.76650466 0.15246726 0.62387846
    outer loop
      vertex -5.94866917 -0.78315715 15
      vertex -37.67490473 -4.9599953 55
      vertex -36.7051814 -9.83512371 55
    endloop
  endfacet
  facet normal 0.76650466 0.15246726 0.62387846
    outer loop
      vertex -5.94866917 -0.78315715 15
      vertex -36.7051814 -9.83512371 55
      vertex -5.79555496 -1.55291427 15
    endloop
  endfacet
  facet normal 0.74004614 0.25121181 0.62387846
    outer loop
      vertex -5.79555496 -1.55291427 15
      vertex -36.7051814 -9.83512371 55
      vertex -35.10742224 -14.54197043 55
    endloop
  endfacet
  facet normal 0.74004614 0.25121181 0.62387846
    outer loop
      vertex -5.79555496 -1.55291427 15
      vertex -35.10742224 -14.54197043 55
      vertex -5.5432772 -2.29610059 15
    endloop
  endfacet
  facet normal 0.70092522 0.34565807 0.62387846
    outer loop
      vertex -5.5432772 -2.29610059 15
      vertex -35.10742224 -14.54197043 55
      vertex -32.90896534 -19 55
    endloop
  endfacet
  facet normal 0.70092522 0.34565807 0.62387846
    outer loop
      vertex -5.5432772 -2.29610059 15
      vertex -32.90896534 -19 55
      vertex -5.19615242 -3 15
    endloop
  endfacet
  facet normal 0.64981128 0.43419001 0.62387846
    outer loop
      vertex -5.19615242 -3 15
      vertex -32.90896534 -19 55
      vertex -30.14742693 -23.1329343 55
    endloop
  endfacet
  facet normal 0.64981128 0.43419001 0.62387846
    outer loop
      vertex -5.19615242 -3 15
      vertex -30.14742693 -23.1329343 55
      vertex -4.76012004 -3.65256857 15
    endloop
  endfacet
  facet normal 0.58757888 0.51529285 0.62387846
    outer loop
      vertex -4.76012004 -3.65256857 15
      vertex -30.14742693 -23.1329343 55
      vertex -26.87005769 -26.87005769 55
    endloop
  endfacet
  facet normal 0.58757888 0.51529285 0.62387846
    outer loop
      vertex -4.76012004 -3.65256857 15
      vertex -26.87005769 -26.87005769 55
      vertex -4.24264069 -4.24264069 15
    endloop
  endfacet
  facet normal 0.51529285 0.58757888 0.62387846
    outer loop
      vertex -4.24264069 -4.24264069 15
      vertex -26.87005769 -26.87005769 55
      vertex -23.1329343 -30.14742693 55
    endloop
  endfacet
  facet normal 0.51529285 0.58757888 0.62387846
    outer loop
      vertex -4.24264069 -4.24264069 15
      vertex -23.1329343 -30.14742693 55
      vertex -3.65256857 -4.76012004 15
    endloop
  endfacet
  facet normal 0.43419001 0.64981128 0.62387846
    outer loop
      vertex -3.65256857 -4.76012004 15
      vertex -23.1329343 -30.14742693 55
      vertex -19 -32.90896534 55
    endloop
  endfacet
  facet normal 0.43419001 0.64981128 0.62387846
    outer loop
      vertex -3.65256857 -4.76012004 15
      vertex -19 -32.90896534 55
      vertex -3 -5.19615242 15
    endloop
  endfacet
  facet normal 0.34565807 0.70092522 0.62387846
    outer loop
      vertex -3 -5.19615242 15
      vertex -19 -32.90896534 55
      vertex -14.54197043 -35.10742224 55
    endloop
  endfacet
  facet normal 0.34565807 0.70092522 0.62387846
    outer loop
      vertex -3 -5.19615242 15
      vertex -14.54197043 -35.10742224 55
      vertex -2.29610059 -5.5432772 15
    endloop
  endfacet
  facet normal 0.25121181 0.74004614 0.62387846
    outer loop
      vertex -2.29610059 -5.5432772 15
      vertex -14.54197043 -35.10742224 55
      vertex -9.83512371 -36.7051814 55
    endloop
  endfacet
  facet normal 0.25121181 0.74004614 0.62387846
    outer loop
      vertex -2.29610059 -5.5432772 15
      vertex -9.83512371 -36.7051814 55
      vertex -1.55291427 -5.79555496 15
    endloop
  endfacet
  facet normal 0.15246726 0.76650466 0.62387846
    outer loop
      vertex -1.55291427 -5.79555496 15
      vertex -9.83512371 -36.7051814 55
      vertex -4.9599953 -37.67490473 55
    endloop
  endfacet
  facet normal 0.15246726 0.76650466 0.62387846
    outer loop
      vertex -1.55291427 -5.79555496 15
      vertex -4.9599953 -37.67490473 55
      vertex -0.78315715 -5.94866917 15
    endloop
  endfacet
  facet normal 0.05111394 0.77984808 0.62387846
    outer loop
      vertex -0.78315715 -5.94866917 15
      vertex -4.9599953 -37.67490473 55
      vertex 0 -38 55
    endloop
  endfacet
  facet normal 0.05111394 0.77984808 0.62387846
    outer loop
      vertex -0.78315715 -5.94866917 15
      vertex 0 -38 55
      vertex 0 -6 15
    endloop
  endfacet
  facet normal -0.05111394 0.77984808 0.62387846
    outer loop
      vertex 0 -6 15
      vertex 0 -38 55
      vertex 4.9599953 -37.67490473 55
    endloop
  endfacet
  facet normal -0.05111394 0.77984808 0.62387846
    outer loop
      vertex 0 -6 15
      vertex 4.9599953 -37.67490473 55
      vertex 0.78315715 -5.94866917 15
    endloop
  endfacet
  facet normal -0.15246726 0.76650466 0.62387846
    outer loop
      vertex 0.78315715 -5.94866917 15
      vertex 4.9599953 -37.67490473 55
      vertex 9.83512371 -36.7051814 55
    endloop
  endfacet
  facet normal -0.15246726 0.76650466 0.62387846
    outer loop
      vertex 0.78315715 -5.94866917 15
      vertex 9.83512371 -36.7051814 55
      vertex 1.55291427 -5.79555496 15
    endloop
  endfacet
  facet normal -0.25121181 0.74004614 0.62387846
    outer loop
      vertex 1.55291427 -5.79555496 15
      vertex 9.83512371 -36.7051814 55
      vertex 14.54197043 -35.10742224 55
    endloop
  endfacet
  facet normal -0.25121181 0.74004614 0.62387846
    outer loop
      vertex 1.55291427 -5.79555496 15
      vertex 14.54197043 -35.10742224 55
      vertex 2.29610059 -5.5432772 15
    endloop
  endfacet
  facet normal -0.34565807 0.70092522 0.62387846
    outer loop
      vertex 2.29610059 -5.5432772 15
      vertex 14.54197043 -35.10742224 55
      vertex 19 -32.90896534 55
    endloop
  endfacet
  facet normal -0.34565807 0.70092522 0.62387846
    outer loop
      vertex 2.29610059 -5.5432772 15
      vertex 19 -32.90896534 55
      vertex 3 -5.19615242 15
    endloop
  endfacet
  facet normal -0.43419001 0.64981128 0.62387846
    outer loop
      vertex 3 -5.19615242 15
      vertex 19 -32.90896534 55
      vertex 23.1329343 -30.14742693 55
    endloop
  endfacet
  facet normal -0.43419001 0.64981128 0.62387846
    outer loop
      vertex 3 -5.19615242 15
      vertex 23.1329343 -30.14742693 55
      vertex 3.65256857 -4.76012004 15
    endloop
  endfacet
  facet normal -0.51529285 0.58757888 0.62387846
    outer loop
      vertex 3.65256857 -4.76012004 15
      vertex 23.1329343 -30.14742693 55
      vertex 26.87005769 -26.87005769 55
    endloop
  endfacet
  facet normal -0.51529285 0.58757888 0.62387846
    outer loop
      vertex 3.65256857 -4.76012004 15
      vertex 26.87005769 -26.87005769 55
      vertex 4.24264069 -4.24264069 15
    endloop
  endfacet
  facet normal -0.58757888 0.51529285 0.62387846
    outer loop
      vertex 4.24264069 -4.24264069 15
      vertex 26.87005769 -26.87005769 55
      vertex 30.14742693 -23.1329343 55
    endloop
  endfacet
  facet normal -0.58757888 0.51529285 0.62387846
    outer loop
      vertex 4.24264069 -4.24264069 15
      vertex 30.14742693 -23.1329343 55
      vertex 4.76012004 -3.65256857 15
    endloop
  endfacet
  facet normal -0.64981128 0.43419001 0.62387846
    outer loop
      vertex 4.76012004 -3.65256857 15
      vertex 30.14742693 -23.1329343 55
      vertex 32.90896534 -19 55
    endloop
  endfacet
  facet normal -0.64981128 0.43419001 0.62387846
    outer loop
      vertex 4.76012004 -3.65256857 15
      vertex 32.90896534 -19 55
      vertex 5.19615242 -3 15
    endloop
  endfacet
  facet normal -0.70092522 0.34565807 0.62387846
    outer loop
      vertex 5.19615242 -3 15
      vertex 32.90896534 -19 55
      vertex 35.10742224 -14.54197043 55
    endloop
  endfacet
  facet normal -0.70092522 0.34565807 0.62387846
    outer loop
      vertex 5.19615242 -3 15
      vertex 35.10742224 -14.54197043 55
      vertex 5.5432772 -2.29610059 15
    endloop
  endfacet
  facet normal -0.74004614 0.25121181 0.62387846
    outer loop
      vertex 5.5432772 -2.29610059 15
      vertex 35.10742224 -14.54197043 55
      vertex 36.7051814 -9.83512371 55
    endloop
  endfacet
  facet normal -0.74004614 0.25121181 0.62387846
    outer loop
      vertex 5.5432772 -2.29610059 15
      vertex 36.7051814 -9.83512371 55
      vertex 5.79555496 -1.55291427 15
    endloop
  endfacet
  facet normal -0.76650466 0.15246726 0.62387846
    outer loop
      vertex 5.79555496 -1.55291427 15
      vertex 36.7051814 -9.83512371 55
      vertex 37.67490473 -4.9599953 55
    endloop
  endfacet
  facet normal -0.76650466 0.15246726 0.62387846
    outer loop
      vertex 5.79555496 -1.55291427 15
      vertex 37.67490473 -4.9599953 55
      vertex 5.94866917 -0.78315715 15
    endloop
  endfacet
  facet normal -0.77984808 0.05111394 0.62387846
    outer loop
      vertex 5.94866917 -0.78315715 15
      vertex 37.67490473 -4.9599953 55
      vertex 38 0 55
    endloop
  endfacet
  facet normal -0.77984808 0.05111394 0.62387846
    outer loop
      vertex 5.94866917 -0.78315715 15
      vertex 38 0 55
      vertex 6 0 15
    endloop
  endfacet
  facet normal -0.99785892 -0.06540313 0
    outer loop
      vertex 38 0 55
      vertex 38 0 125
      vertex 37.67490473 4.9599953 125
    endloop
  endfacet
  facet normal -0.99785892 -0.06540313 0
    outer loop
      vertex 38 0 55
      vertex 37.67490473 4.9599953 125
      vertex 37.67490473 4.9599953 55
    endloop
  endfacet
  facet normal -0.98078528 -0.19509032 0
    outer loop
      vertex 37.67490473 4.9599953 55
      vertex 37.67490473 4.9599953 125
      vertex 36.7051814 9.83512371 125
    endloop
  endfacet
  facet normal -0.98078528 -0.19509032 0
    outer loop
      vertex 37.67490473 4.9599953 55
      vertex 36.7051814 9.83512371 125
      vertex 36.7051814 9.83512371 55
    endloop
  endfacet
  facet normal -0.94693013 -0.32143947 0
    outer loop
      vertex 36.7051814 9.83512371 55
      vertex 36.7051814 9.83512371 125
      vertex 35.10742224 14.54197043 125
    endloop
  endfacet
  facet normal -0.94693013 -0.32143947 0
    outer loop
      vertex 36.7051814 9.83512371 55
      vertex 35.10742224 14.54197043 125
      vertex 35.10742224 14.54197043 55
    endloop
  endfacet
  facet normal -0.89687274 -0.44228869 0
    outer loop
      vertex 35.10742224 14.54197043 55
      vertex 35.10742224 14.54197043 125
      vertex 32.90896534 19 125
    endloop
  endfacet
  facet normal -0.89687274 -0.44228869 0
    outer loop
      vertex 35.10742224 14.54197043 55
      vertex 32.90896534 19 125
      vertex 32.90896534 19 55
    endloop
  endfacet
  facet normal -0.83146961 -0.55557023 0
    outer loop
      vertex 32.90896534 19 55
      vertex 32.90896534 19 125
      vertex 30.14742693 23.1329343 125
    endloop
  endfacet
  facet normal -0.83146961 -0.55557023 0
    outer loop
      vertex 32.90896534 19 55
      vertex 30.14742693 23.1329343 125
      vertex 30.14742693 23.1329343 55
    endloop
  endfacet
  facet normal -0.75183981 -0.65934582 0
    outer loop
      vertex 30.14742693 23.1329343 55
      vertex 30.14742693 23.1329343 125
      vertex 26.87005769 26.87005769 125
    endloop
  endfacet
  facet normal -0.75183981 -0.65934582 0
    outer loop
      vertex 30.14742693 23.1329343 55
      vertex 26.87005769 26.87005769 125
      vertex 26.87005769 26.87005769 55
    endloop
  endfacet
  facet normal -0.65934582 -0.75183981 0
    outer loop
      vertex 26.87005769 26.87005769 55
      vertex 26.87005769 26.87005769 125
      vertex 23.1329343 30.14742693 125
    endloop
  endfacet
  facet normal -0.65934582 -0.75183981 0
    outer loop
      vertex 26.87005769 26.87005769 55
      vertex 23.1329343 30.14742693 125
      vertex 23.1329343 30.14742693 55
    endloop
  endfacet
  facet normal -0.55557023 -0.83146961 0
    outer loop
      vertex 23.1329343 30.14742693 55
      vertex 23.1329343 30.14742693 125
      vertex 19 32.90896534 125
    endloop
  endfacet
  facet normal -0.55557023 -0.83146961 0
    outer loop
      vertex 23.1329343 30.14742693 55
      vertex 19 32.90896534 125
      vertex 19 32.90896534 55
    endloop
  endfacet
  facet normal -0.44228869 -0.89687274 0
    outer loop
      vertex 19 32.90896534 55
      vertex 19 32.90896534 125
      vertex 14.54197043 35.10742224 125
    endloop
  endfacet
  facet normal -0.44228869 -0.89687274 0
    outer loop
      vertex 19 32.90896534 55
      vertex 14.54197043 35.10742224 125
      vertex 14.54197043 35.10742224 55
    endloop
  endfacet
  facet normal -0.32143947 -0.94693013 0
    outer loop
      vertex 14.54197043 35.10742224 55
      vertex 14.54197043 35.10742224 125
      vertex 9.83512371 36.7051814 125
    endloop
  endfacet
  facet normal -0.32143947 -0.94693013 0
    outer loop
      vertex 14.54197043 35.10742224 55
      vertex 9.83512371 36.7051814 125
      vertex 9.83512371 36.7051814 55
    endloop
  endfacet
  facet normal -0.19509032 -0.98078528 0
    outer loop
      vertex 9.83512371 36.7051814 55
      vertex 9.83512371 36.7051814 125
      vertex 4.9599953 37.67490473 125
    endloop
  endfacet
  facet normal -0.19509032 -0.98078528 0
    outer loop
      vertex 9.83512371 36.7051814 55
      vertex 4.9599953 37.67490473 125
      vertex 4.9599953 37.67490473 55
    endloop
  endfacet
  facet normal -0.06540313 -0.99785892 0
    outer loop
      vertex 4.9599953 37.67490473 55
      vertex 4.9599953 37.67490473 125
      vertex 0 38 125
    endloop
  endfacet
  facet normal -0.06540313 -0.99785892 0
    outer loop
      vertex 4.9599953 37.67490473 55
      vertex 0 38 125
      vertex 0 38 55
    endloop
  endfacet
  facet normal 0.06540313 -0.99785892 0
    outer loop
      vertex 0 38 55
      vertex 0 38 125
      vertex -4.9599953 37.67490473 125
    endloop
  endfacet
  facet normal 0.06540313 -0.99785892 0
    outer loop
      vertex 0 38 55
      vertex -4.9599953 37.67490473 125
      vertex -4.9599953 37.67490473 55
    endloop
  endfacet
  facet normal 0.19509032 -0.98078528 0
    outer loop
      vertex -4.9599953 37.67490473 55
      vertex -4.9599953 37.67490473 125
      vertex -9.83512371 36.7051814 125
    endloop
  endfacet
  facet normal 0.19509032 -0.98078528 0
    outer loop
      vertex -4.9599953 37.67490473 55
      vertex -9.83512371 36.7051814 125
      vertex -9.83512371 36.7051814 55
    endloop
  endfacet
  facet normal 0.32143947 -0.94693013 0
    outer loop
      vertex -9.83512371 36.7051814 55
      vertex -9.83512371 36.7051814 125
      vertex -14.54197043 35.10742224 125
    endloop
  endfacet
  facet normal 0.32143947 -0.94693013 0
    outer loop
      vertex -9.83512371 36.7051814 55
      vertex -14.54197043 35.10742224 125
      vertex -14.54197043 35.10742224 55
    endloop
  endfacet
  facet normal 0.44228869 -0.89687274 0
    outer loop
      vertex -14.54197043 35.10742224 55
      vertex -14.54197043 35.10742224 125
      vertex -19 32.90896534 125
    endloop
  endfacet
  facet normal 0.44228869 -0.89687274 0
    outer loop
      vertex -14.54197043 35.10742224 55
      vertex -19 32.90896534 125
      vertex -19 32.90896534 55
    endloop
  endfacet
  facet normal 0.55557023 -0.83146961 0
    outer loop
      vertex -19 32.90896534 55
      vertex -19 32.90896534 125
      vertex -23.1329343 30.14742693 125
    endloop
  endfacet
  facet normal 0.55557023 -0.83146961 0
    outer loop
      vertex -19 32.90896534 55
      vertex -23.1329343 30.14742693 125
      vertex -23.1329343 30.14742693 55
    endloop
  endfacet
  facet normal 0.65934582 -0.75183981 0
    outer loop
      vertex -23.1329343 30.14742693 55
      vertex -23.1329343 30.14742693 125
      vertex -26.87005769 26.87005769 125
    endloop
  endfacet
  facet normal 0.65934582 -0.75183981 0
    outer loop
      vertex -23.1329343 30.14742693 55
      vertex -26.87005769 26.87005769 125
      vertex -26.87005769 26.87005769 55
    endloop
  endfacet
  facet normal 0.75183981 -0.65934582 0
    outer loop
      vertex -26.87005769 26.87005769 55
      vertex -26.87005769 26.87005769 125
      vertex -30.14742693 23.1329343 125
    endloop
  endfacet
  facet normal 0.75183981 -0.65934582 0
    outer loop
      vertex -26.87005769 26.87005769 55
      vertex -30.14742693 23.1329343 125
      vertex -30.14742693 23.1329343 55
    endloop
  endfacet
  facet normal 0.83146961 -0.55557023 0
    outer loop
      vertex -30.14742693 23.1329343 55
      vertex -30.14742693 23.1329343 125
      vertex -32.90896534 19 125
    endloop
  endfacet
  facet normal 0.83146961 -0.55557023 0
    outer loop
      vertex -30.14742693 23.1329343 55
      vertex -32.90896534 19 125
      vertex -32.90896534 19 55
    endloop
  endfacet
  facet normal 0.89687274 -0.44228869 0
    outer loop
      vertex -32.90896534 19 55
      vertex -32.90896534 19 125
      vertex -35.10742224 14.54197043 125
    endloop
  endfacet
  facet normal 0.89687274 -0.44228869 0
    outer loop
      vertex -32.90896534 19 55
      vertex -35.10742224 14.54197043 125
      vertex -35.10742224 14.54197043 55
    endloop
  endfacet
  facet normal 0.94693013 -0.32143947 0
    outer loop
      vertex -35.10742224 14.54197043 55
      vertex -35.10742224 14.54197043 125
      vertex -36.7051814 9.83512371 125
    endloop
  endfacet
  facet normal 0.94693013 -0.32143947 0
    outer loop
      vertex -35.10742224 14.54197043 55
      vertex -36.7051814 9.83512371 125
      vertex -36.7051814 9.83512371 55
    endloop
  endfacet
  facet normal 0.98078528 -0.19509032 0
    outer loop
      vertex -36.7051814 9.83512371 55
      vertex -36.7051814 9.83512371 125
      vertex -37.67490473 4.9599953 125
    endloop
  endfacet
  facet normal 0.98078528 -0.19509032 0
    outer loop
      vertex -36.7051814 9.83512371 55
      vertex -37.67490473 4.9599953 125
      vertex -37.67490473 4.9599953 55
    endloop
  endfacet
  facet normal 0.99785892 -0.06540313 0
    outer loop
      vertex -37.67490473 4.9599953 55
      vertex -37.67490473 4.9599953 125
      vertex -38 0 125
    endloop
  endfacet
  facet normal 0.99785892 -0.06540313 0
    outer loop
      vertex -37.67490473 4.9599953 55
      vertex -38 0 125
      vertex -38 0 55
    endloop
  endfacet
  facet normal 0.99785892 0.06540313 0
    outer loop
      vertex -38 0 55
      vertex -38 0 125
      vertex -37.67490473 -4.9599953 125
    endloop
  endfacet
  facet normal 0.99785892 0.06540313 0
    outer loop
      vertex -38 0 55
      vertex -37.67490473 -4.9599953 125
      vertex -37.67490473 -4.9599953 55
    endloop
  endfacet
  facet normal 0.98078528 0.19509032 0
    outer loop
      vertex -37.67490473 -4.9599953 55
      vertex -37.67490473 -4.9599953 125
      vertex -36.7051814 -9.83512371 125
    endloop
  endfacet
  facet normal 0.98078528 0.19509032 0
    outer loop
      vertex -37.67490473 -4.9599953 55
      vertex -36.7051814 -9.83512371 125
      vertex -36.7051814 -9.83512371 55
    endloop
  endfacet
  facet normal 0.94693013 0.32143947 0
    outer loop
      vertex -36.7051814 -9.83512371 55
      vertex -36.7051814 -9.83512371 125
      vertex -35.10742224 -14.54197043 125
    endloop
  endfacet
  facet normal 0.94693013 0.32143947 0
    outer loop
      vertex -36.7051814 -9.83512371 55
      vertex -35.10742224 -14.54197043 125
      vertex -35.10742224 -14.54197043 55
    endloop
  endfacet
  facet normal 0.89687274 0.44228869 0
    outer loop
      vertex -35.10742224 -14.54197043 55
      vertex -35.10742224 -14.54197043 125
      vertex -32.90896534 -19 125
    endloop
  endfacet
  facet normal 0.89687274 0.44228869 0
    outer loop
      vertex -35.10742224 -14.54197043 55
      vertex -32.90896534 -19 125
      vertex -32.90896534 -19 55
    endloop
  endfacet
  facet normal 0.83146961 0.55557023 0
    outer loop
      vertex -32.90896534 -19 55
      vertex -32.90896534 -19 125
      vertex -30.14742693 -23.1329343 125
    endloop
  endfacet
  facet normal 0.83146961 0.55557023 0
    outer loop
      vertex -32.90896534 -19 55
      vertex -30.14742693 -23.1329343 125
      vertex -30.14742693 -23.1329343 55
    endloop
  endfacet
  facet normal 0.75183981 0.65934582 0
    outer loop
      vertex -30.14742693 -23.1329343 55
      vertex -30.14742693 -23.1329343 125
      vertex -26.87005769 -26.87005769 125
    endloop
  endfacet
  facet normal 0.75183981 0.65934582 0
    outer loop
      vertex -30.14742693 -23.1329343 55
      vertex -26.87005769 -26.87005769 125
      vertex -26.87005769 -26.87005769 55
    endloop
  endfacet
  facet normal 0.65934582 0.75183981 0
    outer loop
      vertex -26.87005769 -26.87005769 55
      vertex -26.87005769 -26.87005769 125
      vertex -23.1329343 -30.14742693 125
    endloop
  endfacet
  facet normal 0.65934582 0.75183981 0
    outer loop
      vertex -26.87005769 -26.87005769 55
      vertex -23.1329343 -30.14742693 125
      vertex -23.1329343 -30.14742693 55
    endloop
  endfacet
  facet normal 0.55557023 0.83146961 0
    outer loop
      vertex -23.1329343 -30.14742693 55
      vertex -23.1329343 -30.14742693 125
      vertex -19 -32.90896534 125
    endloop
  endfacet
  facet normal 0.55557023 0.83146961 0
    outer loop
      vertex -23.1329343 -30.14742693 55
      vertex -19 -32.90896534 125
      vertex -19 -32.90896534 55
    endloop
  endfacet
  facet normal 0.44228869 0.89687274 0
    outer loop
      vertex -19 -32.90896534 55
      vertex -19 -32.90896534 125
      vertex -14.54197043 -35.10742224 125
    endloop
  endfacet
  facet normal 0.44228869 0.89687274 0
    outer loop
      vertex -19 -32.90896534 55
      vertex -14.54197043 -35.10742224 125
      vertex -14.54197043 -35.10742224 55
    endloop
  endfacet
  facet normal 0.32143947 0.94693013 0
    outer loop
      vertex -14.54197043 -35.10742224 55
      vertex -14.54197043 -35.10742224 125
      vertex -9.83512371 -36.7051814 125
    endloop
  endfacet
  facet normal 0.32143947 0.94693013 0
    outer loop
      vertex -14.54197043 -35.10742224 55
      vertex -9.83512371 -36.7051814 125
      vertex -9.83512371 -36.7051814 55
    endloop
  endfacet
  facet normal 0.19509032 0.98078528 0
    outer loop
      vertex -9.83512371 -36.7051814 55
      vertex -9.83512371 -36.7051814 125
      vertex -4.9599953 -37.67490473 125
    endloop
  endfacet
  facet normal 0.19509032 0.98078528 0
    outer loop
      vertex -9.83512371 -36.7051814 55
      vertex -4.9599953 -37.67490473 125
      vertex -4.9599953 -37.67490473 55
    endloop
  endfacet
  facet normal 0.06540313 0.99785892 0
    outer loop
      vertex -4.9599953 -37.67490473 55
      vertex -4.9599953 -37.67490473 125
      vertex 0 -38 125
    endloop
  endfacet
  facet normal 0.06540313 0.99785892 0
    outer loop
      vertex -4.9599953 -37.67490473 55
      vertex 0 -38 125
      vertex 0 -38 55
    endloop
  endfacet
  facet normal -0.06540313 0.99785892 0
    outer loop
      vertex 0 -38 55
      vertex 0 -38 125
      vertex 4.9599953 -37.67490473 125
    endloop
  endfacet
  facet normal -0.06540313 0.99785892 0
    outer loop
      vertex 0 -38 55
      vertex 4.9599953 -37.67490473 125
      vertex 4.9599953 -37.67490473 55
    endloop
  endfacet
  facet normal -0.19509032 0.98078528 0
    outer loop
      vertex 4.9599953 -37.67490473 55
      vertex 4.9599953 -37.67490473 125
      vertex 9.83512371 -36.7051814 125
    endloop
  endfacet
  facet normal -0.19509032 0.98078528 0
    outer loop
      vertex 4.9599953 -37.67490473 55
      vertex 9.83512371 -36.7051814 125
      vertex 9.83512371 -36.7051814 55
    endloop
  endfacet
  facet normal -0.32143947 0.94693013 0
    outer loop
      vertex 9.83512371 -36.7051814 55
      vertex 9.83512371 -36.7051814 125
      vertex 14.54197043 -35.10742224 125
    endloop
  endfacet
  facet normal -0.32143947 0.94693013 0
    outer loop
      vertex 9.83512371 -36.7051814 55
      vertex 14.54197043 -35.10742224 125
      vertex 14.54197043 -35.10742224 55
    endloop
  endfacet
  facet normal -0.44228869 0.89687274 0
    outer loop
      vertex 14.54197043 -35.10742224 55
      vertex 14.54197043 -35.10742224 125
      vertex 19 -32.90896534 125
    endloop
  endfacet
  facet normal -0.44228869 0.89687274 0
    outer loop
      vertex 14.54197043 -35.10742224 55
      vertex 19 -32.90896534 125
      vertex 19 -32.90896534 55
    endloop
  endfacet
  facet normal -0.55557023 0.83146961 0
    outer loop
      vertex 19 -32.90896534 55
      vertex 19 -32.90896534 125
      vertex 23.1329343 -30.14742693 125
    endloop
  endfacet
  facet normal -0.55557023 0.83146961 0
    outer loop
      vertex 19 -32.90896534 55
      vertex 23.1329343 -30.14742693 125
      vertex 23.1329343 -30.14742693 55
    endloop
  endfacet
  facet normal -0.65934582 0.75183981 0
    outer loop
      vertex 23.1329343 -30.14742693 55
      vertex 23.1329343 -30.14742693 125
      vertex 26.87005769 -26.87005769 125
    endloop
  endfacet
  facet normal -0.65934582 0.75183981 0
    outer loop
      vertex 23.1329343 -30.14742693 55
      vertex 26.87005769 -26.87005769 125
      vertex 26.87005769 -26.87005769 55
    endloop
  endfacet
  facet normal -0.75183981 0.65934582 0
    outer loop
      vertex 26.87005769 -26.87005769 55
      vertex 26.87005769 -26.87005769 125
      vertex 30.14742693 -23.1329343 125
    endloop
  endfacet
  facet normal -0.75183981 0.65934582 0
    outer loop
      vertex 26.87005769 -26.87005769 55
      vertex 30.14742693 -23.1329343 125
      vertex 30.14742693 -23.1329343 55
    endloop
  endfacet
  facet normal -0.83146961 0.55557023 0
    outer loop
      vertex 30.14742693 -23.1329343 55
      vertex 30.14742693 -23.1329343 125
      vertex 32.90896534 -19 125
    endloop
  endfacet
  facet normal -0.83146961 0.55557023 0
    outer loop
      vertex 30.14742693 -23.1329343 55
      vertex 32.90896534 -19 125
      vertex 32.90896534 -19 55
    endloop
  endfacet
  facet normal -0.89687274 0.44228869 0
    outer loop
      vertex 32.90896534 -19 55
      vertex 32.90896534 -19 125
      vertex 35.10742224 -14.54197043 125
    endloop
  endfacet
  facet normal -0.89687274 0.44228869 0
    outer loop
      vertex 32.90896534 -19 55
      vertex 35.10742224 -14.54197043 125
      vertex 35.10742224 -14.54197043 55
    endloop
  endfacet
  facet normal -0.94693013 0.32143947 0
    outer loop
      vertex 35.10742224 -14.54197043 55
      vertex 35.10742224 -14.54197043 125
      vertex 36.7051814 -9.83512371 125
    endloop
  endfacet
  facet normal -0.94693013 0.32143947 0
    outer loop
      vertex 35.10742224 -14.54197043 55
      vertex 36.7051814 -9.83512371 125
      vertex 36.7051814 -9.83512371 55
    endloop
  endfacet
  facet normal -0.98078528 0.19509032 0
    outer loop
      vertex 36.7051814 -9.83512371 55
      vertex 36.7051814 -9.83512371 125
      vertex 37.67490473 -4.9599953 125
    endloop
  endfacet
  facet normal -0.98078528 0.19509032 0
    outer loop
      vertex 36.7051814 -9.83512371 55
      vertex 37.67490473 -4.9599953 125
      vertex 37.67490473 -4.9599953 55
    endloop
  endfacet
  facet normal -0.99785892 0.06540313 0
    outer loop
      vertex 37.67490473 -4.9599953 55
      vertex 37.67490473 -4.9599953 125
      vertex 38 0 125
    endloop
  endfacet
  facet normal -0.99785892 0.06540313 0
    outer loop
      vertex 37.67490473 -4.9599953 55
      vertex 38 0 125
      vertex 38 0 55
    endloop
  endfacet
  facet normal 0 0 1
    outer loop
      vertex 40 0 125
      vertex 39.65779445 5.22104769 125
      vertex 37.67490473 4.9599953 125
    endloop
  endfacet
  facet normal 0 0 1
    outer loop
      vertex 40 0 125
      vertex 37.67490473 4.9599953 125
      vertex 38 0 125
    endloop
  endfacet
  facet normal 0 0 1
    outer loop
      vertex 39.65779445 5.22104769 125
      vertex 38.63703305 10.3527618 125
      vertex 36.7051814 9.83512371 125
    endloop
  endfacet
  facet normal 0 0 1
    outer loop
      vertex 39.65779445 5.22104769 125
      vertex 36.7051814 9.83512371 125
      vertex 37.67490473 4.9599953 125
    endloop
  endfacet
  facet normal 0 0 1
    outer loop
      vertex 38.63703305 10.3527618 125
      vertex 36.9551813 15.30733729 125
      vertex 35.10742224 14.54197043 125
    endloop
  endfacet
  facet normal 0 0 1
    outer loop
      vertex 38.63703305 10.3527618 125
      vertex 35.10742224 14.54197043 125
      vertex 36.7051814 9.83512371 125
    endloop
  endfacet
  facet normal 0 0 1
    outer loop
      vertex 36.9551813 15.30733729 125
      vertex 34.64101615 20 125
      vertex 32.90896534 19 125
    endloop
  endfacet
  facet normal 0 0 1
    outer loop
      vertex 36.9551813 15.30733729 125
      vertex 32.90896534 19 125
      vertex 35.10742224 14.54197043 125
    endloop
  endfacet
  facet normal 0 0 1
    outer loop
      vertex 34.64101615 20 125
      vertex 31.73413361 24.35045716 125
      vertex 30.14742693 23.1329343 125
    endloop
  endfacet
  facet normal 0 0 1
    outer loop
      vertex 34.64101615 20 125
      vertex 30.14742693 23.1329343 125
      vertex 32.90896534 19 125
    endloop
  endfacet
  facet normal 0 0 1
    outer loop
      vertex 31.73413361 24.35045716 125
      vertex 28.28427125 28.28427125 125
      vertex 26.87005769 26.87005769 125
    endloop
  endfacet
  facet normal 0 0 1
    outer loop
      vertex 31.73413361 24.35045716 125
      vertex 26.87005769 26.87005769 125
      vertex 30.14742693 23.1329343 125
    endloop
  endfacet
  facet normal 0 0 1
    outer loop
      vertex 28.28427125 28.28427125 125
      vertex 24.35045716 31.73413361 125
      vertex 23.1329343 30.14742693 125
    endloop
  endfacet
  facet normal 0 0 1
    outer loop
      vertex 28.28427125 28.28427125 125
      vertex 23.1329343 30.14742693 125
      vertex 26.87005769 26.87005769 125
    endloop
  endfacet
  facet normal 0 0 1
    outer loop
      vertex 24.35045716 31.73413361 125
      vertex 20 34.64101615 125
      vertex 19 32.90896534 125
    endloop
  endfacet
  facet normal 0 0 1
    outer loop
      vertex 24.35045716 31.73413361 125
      vertex 19 32.90896534 125
      vertex 23.1329343 30.14742693 125
    endloop
  endfacet
  facet normal 0 0 1
    outer loop
      vertex 20 34.64101615 125
      vertex 15.30733729 36.9551813 125
      vertex 14.54197043 35.10742224 125
    endloop
  endfacet
  facet normal 0 0 1
    outer loop
      vertex 20 34.64101615 125
      vertex 14.54197043 35.10742224 125
      vertex 19 32.90896534 125
    endloop
  endfacet
  facet normal 0 0 1
    outer loop
      vertex 15.30733729 36.9551813 125
      vertex 10.3527618 38.63703305 125
      vertex 9.83512371 36.7051814 125
    endloop
  endfacet
  facet normal 0 0 1
    outer loop
      vertex 15.30733729 36.9551813 125
      vertex 9.83512371 36.7051814 125
      vertex 14.54197043 35.10742224 125
    endloop
  endfacet
  facet normal 0 0 1
    outer loop
      vertex 10.3527618 38.63703305 125
      vertex 5.22104769 39.65779445 125
      vertex 4.9599953 37.67490473 125
    endloop
  endfacet
  facet normal 0 0 1
    outer loop
      vertex 10.3527618 38.63703305 125
      vertex 4.9599953 37.67490473 125
      vertex 9.83512371 36.7051814 125
    endloop
  endfacet
  facet normal 0 0 1
    outer loop
      vertex 5.22104769 39.65779445 125
      vertex 0 40 125
      vertex 0 38 125
    endloop
  endfacet
  facet normal 0 0 1
    outer loop
      vertex 5.22104769 39.65779445 125
      vertex 0 38 125
      vertex 4.9599953 37.67490473 125
    endloop
  endfacet
  facet normal 0 0 1
    outer loop
      vertex 0 40 125
      vertex -5.22104769 39.65779445 125
      vertex -4.9599953 37.67490473 125
    endloop
  endfacet
  facet normal 0 0 1
    outer loop
      vertex 0 40 125
      vertex -4.9599953 37.67490473 125
      vertex 0 38 125
    endloop
  endfacet
  facet normal 0 0 1
    outer loop
      vertex -5.22104769 39.65779445 125
      vertex -10.3527618 38.63703305 125
      vertex -9.83512371 36.7051814 125
    endloop
  endfacet
  facet normal 0 0 1
    outer loop
      vertex -5.22104769 39.65779445 125
      vertex -9.83512371 36.7051814 125
      vertex -4.9599953 37.67490473 125
    endloop
  endfacet
  facet normal 0 0 1
    outer loop
      vertex -10.3527618 38.63703305 125
      vertex -15.30733729 36.9551813 125
      vertex -14.54197043 35.10742224 125
    endloop
  endfacet
  facet normal 0 0 1
    outer loop
      vertex -10.3527618 38.63703305 125
      vertex -14.54197043 35.10742224 125
      vertex -9.83512371 36.7051814 125
    endloop
  endfacet
  facet normal 0 0 1
    outer loop
      vertex -15.30733729 36.9551813 125
      vertex -20 34.64101615 125
      vertex -19 32.90896534 125
    endloop
  endfacet
  facet normal 0 0 1
    outer loop
      vertex -15.30733729 36.9551813 125
      vertex -19 32.90896534 125
      vertex -14.54197043 35.10742224 125
    endloop
  endfacet
  facet normal 0 0 1
    outer loop
      vertex -20 34.64101615 125
      vertex -24.35045716 31.73413361 125
      vertex -23.1329343 30.14742693 125
    endloop
  endfacet
  facet normal 0 0 1
    outer loop
      vertex -20 34.64101615 125
      vertex -23.1329343 30.14742693 125
      vertex -19 32.90896534 125
    endloop
  endfacet
  facet normal 0 0 1
    outer loop
      vertex -24.35045716 31.73413361 125
      vertex -28.28427125 28.28427125 125
      vertex -26.87005769 26.87005769 125
    endloop
  endfacet
  facet normal 0 0 1
    outer loop
      vertex -24.35045716 31.73413361 125
      vertex -26.87005769 26.87005769 125
      vertex -23.1329343 30.14742693 125
    endloop
  endfacet
  facet normal 0 0 1
    outer loop
      vertex -28.28427125 28.28427125 125
      vertex -31.73413361 24.35045716 125
      vertex -30.14742693 23.1329343 125
    endloop
  endfacet
  facet normal 0 0 1
    outer loop
      vertex -28.28427125 28.28427125 125
      vertex -30.14742693 23.1329343 125
      vertex -26.87005769 26.87005769 125
    endloop
  endfacet
  facet normal 0 0 1
    outer loop
      vertex -31.73413361 24.35045716 125
      vertex -34.64101615 20 125
      vertex -32.90896534 19 125
    endloop
  endfacet
  facet normal 0 0 1
    outer loop
      vertex -31.73413361 24.35045716 125
      vertex -32.90896534 19 125
      vertex -30.14742693 23.1329343 125
    endloop
  endfacet
  facet normal 0 0 1
    outer loop
      vertex -34.64101615 20 125
      vertex -36.9551813 15.30733729 125
      vertex -35.10742224 14.54197043 125
    endloop
  endfacet
  facet normal 0 0 1
    outer loop
      vertex -34.64101615 20 125
      vertex -35.10742224 14.54197043 125
      vertex -32.90896534 19 125
    endloop
  endfacet
  facet normal 0 0 1
    outer loop
      vertex -36.9551813 15.30733729 125
      vertex -38.63703305 10.3527618 125
      vertex -36.7051814 9.83512371 125
    endloop
  endfacet
  facet normal 0 0 1
    outer loop
      vertex -36.9551813 15.30733729 125
      vertex -36.7051814 9.83512371 125
      vertex -35.10742224 14.54197043 125
    endloop
  endfacet
  facet normal 0 0 1
    outer loop
      vertex -38.63703305 10.3527618 125
      vertex -39.65779445 5.22104769 125
      vertex -37.67490473 4.9599953 125
    endloop
  endfacet
  facet normal 0 0 1
    outer loop
      vertex -38.63703305 10.3527618 125
      vertex -37.67490473 4.9599953 125
      vertex -36.7051814 9.83512371 125
    endloop
  endfacet
  facet normal 0 0 1
    outer loop
      vertex -39.65779445 5.22104769 125
      vertex -40 0 125
      vertex -38 0 125
    endloop
  endfacet
  facet normal 0 0 1
    outer loop
      vertex -39.65779445 5.22104769 125
      vertex -38 0 125
      vertex -37.67490473 4.9599953 125
    endloop
  endfacet
  facet normal 0 0 1
    outer loop
      vertex -40 0 125
      vertex -39.65779445 -5.22104769 125
      vertex -37.67490473 -4.9599953 125
    endloop
  endfacet
  facet normal 0 0 1
    outer loop
      vertex -40 0 125
      vertex -37.67490473 -4.9599953 125
      vertex -38 0 125
    endloop
  endfacet
  facet normal 0 0 1
    outer loop
      vertex -39.65779445 -5.22104769 125
      vertex -38.63703305 -10.3527618 125
      vertex -36.7051814 -9.83512371 125
    endloop
  endfacet
  facet normal 0 0 1
    outer loop
      vertex -39.65779445 -5.22104769 125
      vertex -36.7051814 -9.83512371 125
      vertex -37.67490473 -4.9599953 125
    endloop
  endfacet
  facet normal 0 0 1
    outer loop
      vertex -38.63703305 -10.3527618 125
      vertex -36.9551813 -15.30733729 125
      vertex -35.10742224 -14.54197043 125
    endloop
  endfacet
  facet normal 0 0 1
    outer loop
      vertex -38.63703305 -10.3527618 125
      vertex -35.10742224 -14.54197043 125
      vertex -36.7051814 -9.83512371 125
    endloop
  endfacet
  facet normal 0 0 1
    outer loop
      vertex -36.9551813 -15.30733729 125
      vertex -34.64101615 -20 125
      vertex -32.90896534 -19 125
    endloop
  endfacet
  facet normal 0 0 1
    outer loop
      vertex -36.9551813 -15.30733729 125
      vertex -32.90896534 -19 125
      vertex -35.10742224 -14.54197043 125
    endloop
  endfacet
  facet normal 0 0 1
    outer loop
      vertex -34.64101615 -20 125
      vertex -31.73413361 -24.35045716 125
      vertex -30.14742693 -23.1329343 125
    endloop
  endfacet
  facet normal 0 0 1
    outer loop
      vertex -34.64101615 -20 125
      vertex -30.14742693 -23.1329343 125
      vertex -32.90896534 -19 125
    endloop
  endfacet
  facet normal 0 0 1
    outer loop
      vertex -31.73413361 -24.35045716 125
      vertex -28.28427125 -28.28427125 125
      vertex -26.87005769 -26.87005769 125
    endloop
  endfacet
  facet normal 0 0 1
    outer loop
      vertex -31.73413361 -24.35045716 125
      vertex -26.87005769 -26.87005769 125
      vertex -30.14742693 -23.1329343 125
    endloop
  endfacet
  facet normal 0 0 1
    outer loop
      vertex -28.28427125 -28.28427125 125
      vertex -24.35045716 -31.73413361 125
      vertex -23.1329343 -30.14742693 125
    endloop
  endfacet
  facet normal 0 0 1
    outer loop
      vertex -28.28427125 -28.28427125 125
      vertex -23.1329343 -30.14742693 125
      vertex -26.87005769 -26.87005769 125
    endloop
  endfacet
  facet normal 0 0 1
    outer loop
      vertex -24.35045716 -31.73413361 125
      vertex -20 -34.64101615 125
      vertex -19 -32.90896534 125
    endloop
  endfacet
  facet normal 0 0 1
    outer loop
      vertex -24.35045716 -31.73413361 125
      vertex -19 -32.90896534 125
      vertex -23.1329343 -30.14742693 125
    endloop
  endfacet
  facet normal 0 0 1
    outer loop
      vertex -20 -34.64101615 125
      vertex -15.30733729 -36.9551813 125
      vertex -14.54197043 -35.10742224 125
    endloop
  endfacet
  facet normal 0 0 1
    outer loop
      vertex -20 -34.64101615 125
      vertex -14.54197043 -35.10742224 125
      vertex -19 -32.90896534 125
    endloop
  endfacet
  facet normal 0 0 1
    outer loop
      vertex -15.30733729 -36.9551813 125
      vertex -10.3527618 -38.63703305 125
      vertex -9.83512371 -36.7051814 125
    endloop
  endfacet
  facet normal 0 0 1
    outer loop
      vertex -15.30733729 -36.9551813 125
      vertex -9.83512371 -36.7051814 125
      vertex -14.54197043 -35.10742224 125
    endloop
  endfacet
  facet normal 0 0 1
    outer loop
      vertex -10.3527618 -38.63703305 125
      vertex -5.22104769 -39.65779445 125
      vertex -4.9599953 -37.67490473 125
    endloop
  endfacet
  facet normal 0 0 1
    outer loop
      vertex -10.3527618 -38.63703305 125
      vertex -4.9599953 -37.67490473 125
      vertex -9.83512371 -36.7051814 125
    endloop
  endfacet
  facet normal 0 0 1
    outer loop
      vertex -5.22104769 -39.65779445 125
      vertex 0 -40 125
      vertex 0 -38 125
    endloop
  endfacet
  facet normal 0 0 1
    outer loop
      vertex -5.22104769 -39.65779445 125
      vertex 0 -38 125
      vertex -4.9599953 -37.67490473 125
    endloop
  endfacet
  facet normal 0 0 1
    outer loop
      vertex 0 -40 125
      vertex 5.22104769 -39.65779445 125
      vertex 4.9599953 -37.67490473 125
    endloop
  endfacet
  facet normal 0 0 1
    outer loop
      vertex 0 -40 125
      vertex 4.9599953 -37.67490473 125
      vertex 0 -38 125
    endloop
  endfacet
  facet normal 0 0 1
    outer loop
      vertex 5.22104769 -39.65779445 125
      vertex 10.3527618 -38.63703305 125
      vertex 9.83512371 -36.7051814 125
    endloop
  endfacet
  facet normal 0 0 1
    outer loop
      vertex 5.22104769 -39.65779445 125
      vertex 9.83512371 -36.7051814 125
      vertex 4.9599953 -37.67490473 125
    endloop
  endfacet
  facet normal 0 0 1
    outer loop
      vertex 10.3527618 -38.63703305 125
      vertex 15.30733729 -36.9551813 125
      vertex 14.54197043 -35.10742224 125
    endloop
  endfacet
  facet normal 0 0 1
    outer loop
      vertex 10.3527618 -38.63703305 125
      vertex 14.54197043 -35.10742224 125
      vertex 9.83512371 -36.7051814 125
    endloop
  endfacet
  facet normal 0 0 1
    outer loop
      vertex 15.30733729 -36.9551813 125
      vertex 20 -34.64101615 125
      vertex 19 -32.90896534 125
    endloop
  endfacet
  facet normal 0 0 1
    outer loop
      vertex 15.30733729 -36.9551813 125
      vertex 19 -32.90896534 125
      vertex 14.54197043 -35.10742224 125
    endloop
  endfacet
  facet normal 0 0 1
    outer loop
      vertex 20 -34.64101615 125
      vertex 24.35045716 -31.73413361 125
      vertex 23.1329343 -30.14742693 125
    endloop
  endfacet
  facet normal 0 0 1
    outer loop
      vertex 20 -34.64101615 125
      vertex 23.1329343 -30.14742693 125
      vertex 19 -32.90896534 125
    endloop
  endfacet
  facet normal 0 0 1
    outer loop
      vertex 24.35045716 -31.73413361 125
      vertex 28.28427125 -28.28427125 125
      vertex 26.87005769 -26.87005769 125
    endloop
  endfacet
  facet normal 0 0 1
    outer loop
      vertex 24.35045716 -31.73413361 125
      vertex 26.87005769 -26.87005769 125
      vertex 23.1329343 -30.14742693 125
    endloop
  endfacet
  facet normal 0 0 1
    outer loop
      vertex 28.28427125 -28.28427125 125
      vertex 31.73413361 -24.35045716 125
      vertex 30.14742693 -23.1329343 125
    endloop
  endfacet
  facet normal 0 0 1
    outer loop
      vertex 28.28427125 -28.28427125 125
      vertex 30.14742693 -23.1329343 125
      vertex 26.87005769 -26.87005769 125
    endloop
  endfacet
  facet normal 0 0 1
    outer loop
      vertex 31.73413361 -24.35045716 125
      vertex 34.64101615 -20 125
      vertex 32.90896534 -19 125
    endloop
  endfacet
  facet normal 0 0 1
    outer loop
      vertex 31.73413361 -24.35045716 125
      vertex 32.90896534 -19 125
      vertex 30.14742693 -23.1329343 125
    endloop
  endfacet
  facet normal 0 0 1
    outer loop
      vertex 34.64101615 -20 125
      vertex 36.9551813 -15.30733729 125
      vertex 35.10742224 -14.54197043 125
    endloop
  endfacet
  facet normal 0 0 1
    outer loop
      vertex 34.64101615 -20 125
      vertex 35.10742224 -14.54197043 125
      vertex 32.90896534 -19 125
    endloop
  endfacet
  facet normal 0 0 1
    outer loop
      vertex 36.9551813 -15.30733729 125
      vertex 38.63703305 -10.3527618 125
      vertex 36.7051814 -9.83512371 125
    endloop
  endfacet
  facet normal 0 0 1
    outer loop
      vertex 36.9551813 -15.30733729 125
      vertex 36.7051814 -9.83512371 125
      vertex 35.10742224 -14.54197043 125
    endloop
  endfacet
  facet normal 0 0 1
    outer loop
      vertex 38.63703305 -10.3527618 125
      vertex 39.65779445 -5.22104769 125
      vertex 37.67490473 -4.9599953 125
    endloop
  endfacet
  facet normal 0 0 1
    outer loop
      vertex 38.63703305 -10.3527618 125
      vertex 37.67490473 -4.9599953 125
      vertex 36.7051814 -9.83512371 125
    endloop
  endfacet
  facet normal 0 0 1
    outer loop
      vertex 39.65779445 -5.22104769 125
      vertex 40 0 125
      vertex 38 0 125
    endloop
  endfacet
  facet normal 0 0 1
    outer loop
      vertex 39.65779445 -5.22104769 125
      vertex 38 0 125
      vertex 37.67490473 -4.9599953 125
    endloop
  endfacet
  facet normal 0 0 -1
    outer loop
      vertex 8 0 0
      vertex 5.94866917 0.78315715 0
      vertex 7.93155889 1.04420954 0
    endloop
  endfacet
  facet normal 0 0 -1
    outer loop
      vertex 8 0 0
      vertex 6 0 0
      vertex 5.94866917 0.78315715 0
    endloop
  endfacet
  facet normal 0 0 -1
    outer loop
      vertex 7.93155889 1.04420954 0
      vertex 5.79555496 1.55291427 0
      vertex 7.72740661 2.07055236 0
    endloop
  endfacet
  facet normal 0 0 -1
    outer loop
      vertex 7.93155889 1.04420954 0
      vertex 5.94866917 0.78315715 0
      vertex 5.79555496 1.55291427 0
    endloop
  endfacet
  facet normal 0 0 -1
    outer loop
      vertex 7.72740661 2.07055236 0
      vertex 5.5432772 2.29610059 0
      vertex 7.39103626 3.06146746 0
    endloop
  endfacet
  facet normal 0 0 -1
    outer loop
      vertex 7.72740661 2.07055236 0
      vertex 5.79555496 1.55291427 0
      vertex 5.5432772 2.29610059 0
    endloop
  endfacet
  facet normal 0 0 -1
    outer loop
      vertex 7.39103626 3.06146746 0
      vertex 5.19615242 3 0
      vertex 6.92820323 4 0
    endloop
  endfacet
  facet normal 0 0 -1
    outer loop
      vertex 7.39103626 3.06146746 0
      vertex 5.5432772 2.29610059 0
      vertex 5.19615242 3 0
    endloop
  endfacet
  facet normal 0 0 -1
    outer loop
      vertex 6.92820323 4 0
      vertex 4.76012004 3.65256857 0
      vertex 6.34682672 4.87009143 0
    endloop
  endfacet
  facet normal 0 0 -1
    outer loop
      vertex 6.92820323 4 0
      vertex 5.19615242 3 0
      vertex 4.76012004 3.65256857 0
    endloop
  endfacet
  facet normal 0 0 -1
    outer loop
      vertex 6.34682672 4.87009143 0
      vertex 4.24264069 4.24264069 0
      vertex 5.65685425 5.65685425 0
    endloop
  endfacet
  facet normal 0 0 -1
    outer loop
      vertex 6.34682672 4.87009143 0
      vertex 4.76012004 3.65256857 0
      vertex 4.24264069 4.24264069 0
    endloop
  endfacet
  facet normal 0 0 -1
    outer loop
      vertex 5.65685425 5.65685425 0
      vertex 3.65256857 4.76012004 0
      vertex 4.87009143 6.34682672 0
    endloop
  endfacet
  facet normal 0 0 -1
    outer loop
      vertex 5.65685425 5.65685425 0
      vertex 4.24264069 4.24264069 0
      vertex 3.65256857 4.76012004 0
    endloop
  endfacet
  facet normal 0 0 -1
    outer loop
      vertex 4.87009143 6.34682672 0
      vertex 3 5.19615242 0
      vertex 4 6.92820323 0
    endloop
  endfacet
  facet normal 0 0 -1
    outer loop
      vertex 4.87009143 6.34682672 0
      vertex 3.65256857 4.76012004 0
      vertex 3 5.19615242 0
    endloop
  endfacet
  facet normal 0 0 -1
    outer loop
      vertex 4 6.92820323 0
      vertex 2.29610059 5.5432772 0
      vertex 3.06146746 7.39103626 0
    endloop
  endfacet
  facet normal 0 0 -1
    outer loop
      vertex 4 6.92820323 0
      vertex 3 5.19615242 0
      vertex 2.29610059 5.5432772 0
    endloop
  endfacet
  facet normal 0 0 -1
    outer loop
      vertex 3.06146746 7.39103626 0
      vertex 1.55291427 5.79555496 0
      vertex 2.07055236 7.72740661 0
    endloop
  endfacet
  facet normal 0 0 -1
    outer loop
      vertex 3.06146746 7.39103626 0
      vertex 2.29610059 5.5432772 0
      vertex 1.55291427 5.79555496 0
    endloop
  endfacet
  facet normal 0 0 -1
    outer loop
      vertex 2.07055236 7.72740661 0
      vertex 0.78315715 5.94866917 0
      vertex 1.04420954 7.93155889 0
    endloop
  endfacet
  facet normal 0 0 -1
    outer loop
      vertex 2.07055236 7.72740661 0
      vertex 1.55291427 5.79555496 0
      vertex 0.78315715 5.94866917 0
    endloop
  endfacet
  facet normal 0 0 -1
    outer loop
      vertex 1.04420954 7.93155889 0
      vertex 0 6 0
      vertex 0 8 0
    endloop
  endfacet
  facet normal 0 0 -1
    outer loop
      vertex 1.04420954 7.93155889 0
      vertex 0.78315715 5.94866917 0
      vertex 0 6 0
    endloop
  endfacet
  facet normal 0 0 -1
    outer loop
      vertex 0 8 0
      vertex -0.78315715 5.94866917 0
      vertex -1.04420954 7.93155889 0
    endloop
  endfacet
  facet normal 0 0 -1
    outer loop
      vertex 0 8 0
      vertex 0 6 0
      vertex -0.78315715 5.94866917 0
    endloop
  endfacet
  facet normal 0 0 -1
    outer loop
      vertex -1.04420954 7.93155889 0
      vertex -1.55291427 5.79555496 0
      vertex -2.07055236 7.72740661 0
    endloop
  endfacet
  facet normal 0 0 -1
    outer loop
      vertex -1.04420954 7.93155889 0
      vertex -0.78315715 5.94866917 0
      vertex -1.55291427 5.79555496 0
    endloop
  endfacet
  facet normal 0 0 -1
    outer loop
      vertex -2.07055236 7.72740661 0
      vertex -2.29610059 5.5432772 0
      vertex -3.06146746 7.39103626 0
    endloop
  endfacet
  facet normal 0 0 -1
    outer loop
      vertex -2.07055236 7.72740661 0
      vertex -1.55291427 5.79555496 0
      vertex -2.29610059 5.5432772 0
    endloop
  endfacet
  facet normal 0 0 -1
    outer loop
      vertex -3.06146746 7.39103626 0
      vertex -3 5.19615242 0
      vertex -4 6.92820323 0
    endloop
  endfacet
  facet normal 0 0 -1
    outer loop
      vertex -3.06146746 7.39103626 0
      vertex -2.29610059 5.5432772 0
      vertex -3 5.19615242 0
    endloop
  endfacet
  facet normal 0 0 -1
    outer loop
      vertex -4 6.92820323 0
      vertex -3.65256857 4.76012004 0
      vertex -4.87009143 6.34682672 0
    endloop
  endfacet
  facet normal 0 0 -1
    outer loop
      vertex -4 6.92820323 0
      vertex -3 5.19615242 0
      vertex -3.65256857 4.76012004 0
    endloop
  endfacet
  facet normal 0 0 -1
    outer loop
      vertex -4.87009143 6.34682672 0
      vertex -4.24264069 4.24264069 0
      vertex -5.65685425 5.65685425 0
    endloop
  endfacet
  facet normal 0 0 -1
    outer loop
      vertex -4.87009143 6.34682672 0
      vertex -3.65256857 4.76012004 0
      vertex -4.24264069 4.24264069 0
    endloop
  endfacet
  facet normal 0 0 -1
    outer loop
      vertex -5.65685425 5.65685425 0
      vertex -4.76012004 3.65256857 0
      vertex -6.34682672 4.87009143 0
    endloop
  endfacet
  facet normal 0 0 -1
    outer loop
      vertex -5.65685425 5.65685425 0
      vertex -4.24264069 4.24264069 0
      vertex -4.76012004 3.65256857 0
    endloop
  endfacet
  facet normal 0 0 -1
    outer loop
      vertex -6.34682672 4.87009143 0
      vertex -5.19615242 3 0
      vertex -6.92820323 4 0
    endloop
  endfacet
  facet normal 0 0 -1
    outer loop
      vertex -6.34682672 4.87009143 0
      vertex -4.76012004 3.65256857 0
      vertex -5.19615242 3 0
    endloop
  endfacet
  facet normal 0 0 -1
    outer loop
      vertex -6.92820323 4 0
      vertex -5.5432772 2.29610059 0
      vertex -7.39103626 3.06146746 0
    endloop
  endfacet
  facet normal 0 0 -1
    outer loop
      vertex -6.92820323 4 0
      vertex -5.19615242 3 0
      vertex -5.5432772 2.29610059 0
    endloop
  endfacet
  facet normal 0 0 -1
    outer loop
      vertex -7.39103626 3.06146746 0
      vertex -5.79555496 1.55291427 0
      vertex -7.72740661 2.07055236 0
    endloop
  endfacet
  facet normal 0 0 -1
    outer loop
      vertex -7.39103626 3.06146746 0
      vertex -5.5432772 2.29610059 0
      vertex -5.79555496 1.55291427 0
    endloop
  endfacet
  facet normal 0 0 -1
    outer loop
      vertex -7.72740661 2.07055236 0
      vertex -5.94866917 0.78315715 0
      vertex -7.93155889 1.04420954 0
    endloop
  endfacet
  facet normal 0 0 -1
    outer loop
      vertex -7.72740661 2.07055236 0
      vertex -5.79555496 1.55291427 0
      vertex -5.94866917 0.78315715 0
    endloop
  endfacet
  facet normal 0 0 -1
    outer loop
      vertex -7.93155889 1.04420954 0
      vertex -6 0 0
      vertex -8 0 0
    endloop
  endfacet
  facet normal 0 0 -1
    outer loop
      vertex -7.93155889 1.04420954 0
      vertex -5.94866917 0.78315715 0
      vertex -6 0 0
    endloop
  endfacet
  facet normal 0 0 -1
    outer loop
      vertex -8 0 0
      vertex -5.94866917 -0.78315715 0
      vertex -7.93155889 -1.04420954 0
    endloop
  endfacet
  facet normal 0 0 -1
    outer loop
      vertex -8 0 0
      vertex -6 0 0
      vertex -5.94866917 -0.78315715 0
    endloop
  endfacet
  facet normal 0 0 -1
    outer loop
      vertex -7.93155889 -1.04420954 0
      vertex -5.79555496 -1.55291427 0
      vertex -7.72740661 -2.07055236 0
    endloop
  endfacet
  facet normal 0 0 -1
    outer loop
      vertex -7.93155889 -1.04420954 0
      vertex -5.94866917 -0.78315715 0
      vertex -5.79555496 -1.55291427 0
    endloop
  endfacet
  facet normal 0 0 -1
    outer loop
      vertex -7.72740661 -2.07055236 0
      vertex -5.5432772 -2.29610059 0
      vertex -7.39103626 -3.06146746 0
    endloop
  endfacet
  facet normal 0 0 -1
    outer loop
      vertex -7.72740661 -2.07055236 0
      vertex -5.79555496 -1.55291427 0
      vertex -5.5432772 -2.29610059 0
    endloop
  endfacet
  facet normal 0 0 -1
    outer loop
      vertex -7.39103626 -3.06146746 0
      vertex -5.19615242 -3 0
      vertex -6.92820323 -4 0
    endloop
  endfacet
  facet normal 0 0 -1
    outer loop
      vertex -7.39103626 -3.06146746 0
      vertex -5.5432772 -2.29610059 0
      vertex -5.19615242 -3 0
    endloop
  endfacet
  facet normal 0 0 -1
    outer loop
      vertex -6.92820323 -4 0
      vertex -4.76012004 -3.65256857 0
      vertex -6.34682672 -4.87009143 0
    endloop
  endfacet
  facet normal 0 0 -1
    outer loop
      vertex -6.92820323 -4 0
      vertex -5.19615242 -3 0
      vertex -4.76012004 -3.65256857 0
    endloop
  endfacet
  facet normal 0 0 -1
    outer loop
      vertex -6.34682672 -4.87009143 0
      vertex -4.24264069 -4.24264069 0
      vertex -5.65685425 -5.65685425 0
    endloop
  endfacet
  facet normal 0 0 -1
    outer loop
      vertex -6.34682672 -4.87009143 0
      vertex -4.76012004 -3.65256857 0
      vertex -4.24264069 -4.24264069 0
    endloop
  endfacet
  facet normal 0 0 -1
    outer loop
      vertex -5.65685425 -5.65685425 0
      vertex -3.65256857 -4.76012004 0
      vertex -4.87009143 -6.34682672 0
    endloop
  endfacet
  facet normal 0 0 -1
    outer loop
      vertex -5.65685425 -5.65685425 0
      vertex -4.24264069 -4.24264069 0
      vertex -3.65256857 -4.76012004 0
    endloop
  endfacet
  facet normal 0 0 -1
    outer loop
      vertex -4.87009143 -6.34682672 0
      vertex -3 -5.19615242 0
      vertex -4 -6.92820323 0
    endloop
  endfacet
  facet normal 0 0 -1
    outer loop
      vertex -4.87009143 -6.34682672 0
      vertex -3.65256857 -4.76012004 0
      vertex -3 -5.19615242 0
    endloop
  endfacet
  facet normal 0 0 -1
    outer loop
      vertex -4 -6.92820323 0
      vertex -2.29610059 -5.5432772 0
      vertex -3.06146746 -7.39103626 0
    endloop
  endfacet
  facet normal 0 0 -1
    outer loop
      vertex -4 -6.92820323 0
      vertex -3 -5.19615242 0
      vertex -2.29610059 -5.5432772 0
    endloop
  endfacet
  facet normal 0 0 -1
    outer loop
      vertex -3.06146746 -7.39103626 0
      vertex -1.55291427 -5.79555496 0
      vertex -2.07055236 -7.72740661 0
    endloop
  endfacet
  facet normal 0 0 -1
    outer loop
      vertex -3.06146746 -7.39103626 0
      vertex -2.29610059 -5.5432772 0
      vertex -1.55291427 -5.79555496 0
    endloop
  endfacet
  facet normal 0 0 -1
    outer loop
      vertex -2.07055236 -7.72740661 0
      vertex -0.78315715 -5.94866917 0
      vertex -1.04420954 -7.93155889 0
    endloop
  endfacet
  facet normal 0 0 -1
    outer loop
      vertex -2.07055236 -7.72740661 0
      vertex -1.55291427 -5.79555496 0
      vertex -0.78315715 -5.94866917 0
    endloop
  endfacet
  facet normal 0 0 -1
    outer loop
      vertex -1.04420954 -7.93155889 0
      vertex 0 -6 0
      vertex 0 -8 0
    endloop
  endfacet
  facet normal 0 0 -1
    outer loop
      vertex -1.04420954 -7.93155889 0
      vertex -0.78315715 -5.94866917 0
      vertex 0 -6 0
    endloop
  endfacet
  facet normal 0 0 -1
    outer loop
      vertex 0 -8 0
      vertex 0.78315715 -5.94866917 0
      vertex 1.04420954 -7.93155889 0
    endloop
  endfacet
  facet normal 0 0 -1
    outer loop
      vertex 0 -8 0
      vertex 0 -6 0
      vertex 0.78315715 -5.94866917 0
    endloop
  endfacet
  facet normal 0 0 -1
    outer loop
      vertex 1.04420954 -7.93155889 0
      vertex 1.55291427 -5.79555496 0
      vertex 2.07055236 -7.72740661 0
    endloop
  endfacet
  facet normal 0 0 -1
    outer loop
      vertex 1.04420954 -7.93155889 0
      vertex 0.78315715 -5.94866917 0
      vertex 1.55291427 -5.79555496 0
    endloop
  endfacet
  facet normal 0 0 -1
    outer loop
      vertex 2.07055236 -7.72740661 0
      vertex 2.29610059 -5.5432772 0
      vertex 3.06146746 -7.39103626 0
    endloop
  endfacet
  facet normal 0 0 -1
    outer loop
      vertex 2.07055236 -7.72740661 0
      vertex 1.55291427 -5.79555496 0
      vertex 2.29610059 -5.5432772 0
    endloop
  endfacet
  facet normal 0 0 -1
    outer loop
      vertex 3.06146746 -7.39103626 0
      vertex 3 -5.19615242 0
      vertex 4 -6.92820323 0
    endloop
  endfacet
  facet normal 0 0 -1
    outer loop
      vertex 3.06146746 -7.39103626 0
      vertex 2.29610059 -5.5432772 0
      vertex 3 -5.19615242 0
    endloop
  endfacet
  facet normal 0 0 -1
    outer loop
      vertex 4 -6.92820323 0
      vertex 3.65256857 -4.76012004 0
      vertex 4.87009143 -6.34682672 0
    endloop
  endfacet
  facet normal 0 0 -1
    outer loop
      vertex 4 -6.92820323 0
      vertex 3 -5.19615242 0
      vertex 3.65256857 -4.76012004 0
    endloop
  endfacet
  facet normal 0 0 -1
    outer loop
      vertex 4.87009143 -6.34682672 0
      vertex 4.24264069 -4.24264069 0
      vertex 5.65685425 -5.65685425 0
    endloop
  endfacet
  facet normal 0 0 -1
    outer loop
      vertex 4.87009143 -6.34682672 0
      vertex 3.65256857 -4.76012004 0
      vertex 4.24264069 -4.24264069 0
    endloop
  endfacet
  facet normal 0 0 -1
    outer loop
      vertex 5.65685425 -5.65685425 0
      vertex 4.76012004 -3.65256857 0
      vertex 6.34682672 -4.87009143 0
    endloop
  endfacet
  facet normal 0 0 -1
    outer loop
      vertex 5.65685425 -5.65685425 0
      vertex 4.24264069 -4.24264069 0
      vertex 4.76012004 -3.65256857 0
    endloop
  endfacet
  facet normal 0 0 -1
    outer loop
      vertex 6.34682672 -4.87009143 0
      vertex 5.19615242 -3 0
      vertex 6.92820323 -4 0
    endloop
  endfacet
  facet normal 0 0 -1
    outer loop
      vertex 6.34682672 -4.87009143 0
      vertex 4.76012004 -3.65256857 0
      vertex 5.19615242 -3 0
    endloop
  endfacet
  facet normal 0 0 -1
    outer loop
      vertex 6.92820323 -4 0
      vertex 5.5432772 -2.29610059 0
      vertex 7.39103626 -3.06146746 0
    endloop
  endfacet
  facet normal 0 0 -1
    outer loop
      vertex 6.92820323 -4 0
      vertex 5.19615242 -3 0
      vertex 5.5432772 -2.29610059 0
    endloop
  endfacet
  facet normal 0 0 -1
    outer loop
      vertex 7.39103626 -3.06146746 0
      vertex 5.79555496 -1.55291427 0
      vertex 7.72740661 -2.07055236 0
    endloop
  endfacet
  facet normal 0 0 -1
    outer loop
      vertex 7.39103626 -3.06146746 0
      vertex 5.5432772 -2.29610059 0
      vertex 5.79555496 -1.55291427 0
    endloop
  endfacet
  facet normal 0 0 -1
    outer loop
      vertex 7.72740661 -2.07055236 0
      vertex 5.94866917 -0.78315715 0
      vertex 7.93155889 -1.04420954 0
    endloop
  endfacet
  facet normal 0 0 -1
    outer loop
      vertex 7.72740661 -2.07055236 0
      vertex 5.79555496 -1.55291427 0
      vertex 5.94866917 -0.78315715 0
    endloop
  endfacet
  facet normal 0 0 -1
    outer loop
      vertex 7.93155889 -1.04420954 0
      vertex 6 0 0
      vertex 8 0 0
    endloop
  endfacet
  facet normal 0 0 -1
    outer loop
      vertex 7.93155889 -1.04420954 0
      vertex 5.94866917 -0.78315715 0
      vertex 6 0 0
    endloop
  endfacet
endsolid rangoli_hopper_shell_v1
